--progress is a global compose flag, better use `docker compose --progress xx build ...
 Image sail-8.5/app Building 
#1 [internal] load local bake definitions
#1 reading from stdin 661B done
#1 DONE 0.0s

#2 [internal] load build definition from Dockerfile
#2 transferring dockerfile: 3.21kB done
#2 DONE 0.0s

#3 [internal] load metadata for docker.io/library/ubuntu:22.04
#3 ...

#4 [auth] library/ubuntu:pull token for registry-1.docker.io
#4 DONE 0.0s

#3 [internal] load metadata for docker.io/library/ubuntu:22.04
#3 DONE 1.4s

#5 [internal] load .dockerignore
#5 transferring context: 2B done
#5 DONE 0.0s

#6 [ 1/11] FROM docker.io/library/ubuntu:22.04@sha256:3b06811b2afd352be909dd088a004166d665dc76d38b13eada33522a9d915c6f
#6 resolve docker.io/library/ubuntu:22.04@sha256:3b06811b2afd352be909dd088a004166d665dc76d38b13eada33522a9d915c6f 0.0s done
#6 DONE 0.0s

#7 [ 2/11] WORKDIR /var/www/html
#7 CACHED

#8 [internal] load build context
#8 transferring context: 100B done
#8 DONE 0.0s

#9 [ 3/11] RUN ln -snf /usr/share/zoneinfo/UTC /etc/localtime && echo UTC > /etc/timezone
#9 DONE 0.2s

#10 [ 4/11] RUN apt-get update     && mkdir -p /etc/apt/keyrings     && apt-get install -y gnupg gosu curl ca-certificates zip unzip git supervisor sqlite3 libcap2-bin libpng-dev python2 dnsutils librsvg2-bin fswatch ffmpeg     && curl -sS 'https://keyserver.ubuntu.com/pks/lookup?op=get&search=0x14aa40ec0831756756d7f66c4f4ea0aae5267a6c' | gpg --dearmor | tee /etc/apt/keyrings/ppa_ondrej_php.gpg > /dev/null     && echo "deb [signed-by=/etc/apt/keyrings/ppa_ondrej_php.gpg] https://ppa.launchpadcontent.net/ondrej/php/ubuntu jammy main" > /etc/apt/sources.list.d/ppa_ondrej_php.list     && apt-get update     && apt-get install -y php8.5-cli php8.5-dev        php8.5-pgsql php8.5-sqlite3 php8.5-gd        php8.5-curl        php8.5-imap php8.5-mysql php8.5-mbstring        php8.5-xml php8.5-zip php8.5-bcmath php8.5-soap        php8.5-intl php8.5-readline        php8.5-ldap        php8.5-msgpack php8.5-igbinary php8.5-redis php8.5-swoole        php8.5-memcached php8.5-pcov php8.5-imagick php8.5-xdebug     && curl -sLS https://getcomposer.org/installer | php -- --install-dir=/usr/bin/ --filename=composer     && curl -fsSL https://deb.nodesource.com/gpgkey/nodesource-repo.gpg.key | gpg --dearmor -o /etc/apt/keyrings/nodesource.gpg     && echo "deb [signed-by=/etc/apt/keyrings/nodesource.gpg] https://deb.nodesource.com/node_20.x nodistro main" > /etc/apt/sources.list.d/nodesource.list     && apt-get update     && apt-get install -y nodejs     && npm install -g npm     && npm install -g pnpm     && npm install -g bun     && curl -sS https://dl.yarnpkg.com/debian/pubkey.gpg | gpg --dearmor | tee /etc/apt/keyrings/yarn.gpg >/dev/null     && echo "deb [signed-by=/etc/apt/yarn.gpg] https://dl.yarnpkg.com/debian/ stable main" > /etc/apt/sources.list.d/yarn.list     && curl -sS https://www.postgresql.org/media/keys/ACCC4CF8.asc | gpg --dearmor | tee /etc/apt/keyrings/pgdg.gpg >/dev/null     && echo "deb [signed-by=/etc/apt/keyrings/pgdg.gpg] http://apt.postgresql.org/pub/repos/apt jammy-pgdg main" > /etc/apt/sources.list.d/pgdg.list     && apt-get update     && apt-get install -y yarn     && apt-get install -y mysql-client     && apt-get install -y postgresql-client-15     && apt-get -y autoremove     && apt-get clean     && rm -rf /var/lib/apt/lists/* /tmp/* /var/tmp/*
#10 0.362 Get:1 http://archive.ubuntu.com/ubuntu jammy InRelease [270 kB]
#10 0.542 Get:2 http://archive.ubuntu.com/ubuntu jammy-updates InRelease [128 kB]
#10 0.565 Get:3 http://security.ubuntu.com/ubuntu jammy-security InRelease [129 kB]
#10 0.613 Get:4 http://archive.ubuntu.com/ubuntu jammy-backports InRelease [127 kB]
#10 0.678 Get:5 http://archive.ubuntu.com/ubuntu jammy/multiverse amd64 Packages [266 kB]
#10 0.798 Get:6 http://archive.ubuntu.com/ubuntu jammy/restricted amd64 Packages [164 kB]
#10 0.862 Get:7 http://archive.ubuntu.com/ubuntu jammy/main amd64 Packages [1792 kB]
#10 1.671 Get:8 http://security.ubuntu.com/ubuntu jammy-security/restricted amd64 Packages [7557 kB]
#10 4.104 Get:9 http://archive.ubuntu.com/ubuntu jammy/universe amd64 Packages [17.5 MB]
#10 13.77 Get:10 http://security.ubuntu.com/ubuntu jammy-security/main amd64 Packages [4199 kB]
#10 20.62 Get:11 http://security.ubuntu.com/ubuntu jammy-security/multiverse amd64 Packages [84.1 kB]
#10 21.30 Get:12 http://security.ubuntu.com/ubuntu jammy-security/universe amd64 Packages [1314 kB]
#10 23.43 Get:13 http://archive.ubuntu.com/ubuntu jammy-updates/restricted amd64 Packages [7848 kB]
#10 26.44 Get:14 http://archive.ubuntu.com/ubuntu jammy-updates/main amd64 Packages [4532 kB]
#10 27.67 Get:15 http://archive.ubuntu.com/ubuntu jammy-updates/universe amd64 Packages [1616 kB]
#10 28.24 Get:16 http://archive.ubuntu.com/ubuntu jammy-updates/multiverse amd64 Packages [92.7 kB]
#10 28.26 Get:17 http://archive.ubuntu.com/ubuntu jammy-backports/universe amd64 Packages [35.6 kB]
#10 28.26 Get:18 http://archive.ubuntu.com/ubuntu jammy-backports/main amd64 Packages [82.8 kB]
#10 28.30 Fetched 47.7 MB in 28s (1702 kB/s)
#10 28.30 Reading package lists...
#10 28.86 Reading package lists...
#10 29.38 Building dependency tree...
#10 29.46 Reading state information...
#10 29.56 The following additional packages will be installed:
#10 29.56   alsa-topology-conf alsa-ucm-conf bind9-dnsutils bind9-host bind9-libs dbus
#10 29.56   dirmngr fontconfig fontconfig-config fonts-dejavu-core git-man gnupg-l10n
#10 29.56   gnupg-utils gpg gpg-agent gpg-wks-client gpg-wks-server gpgconf gpgsm
#10 29.56   i965-va-driver intel-media-va-driver less libaacs0 libaom3 libapparmor1
#10 29.56   libasound2 libasound2-data libass9 libassuan0 libasyncns0 libavc1394-0
#10 29.56   libavcodec58 libavdevice58 libavfilter7 libavformat58 libavutil56 libbdplus0
#10 29.56   libblas3 libbluray2 libbrotli1 libbs2b0 libbsd0 libc-dev-bin libc-devtools
#10 29.56   libc6-dev libcaca0 libcairo-gobject2 libcairo2 libcbor0.8 libcdio-cdda2
#10 29.56   libcdio-paranoia2 libcdio19 libchromaprint1 libcodec2-1.0 libcrypt-dev
#10 29.56   libcurl3-gnutls libcurl4 libdatrie1 libdav1d5 libdbus-1-3 libdc1394-25
#10 29.56   libdecor-0-0 libdecor-0-plugin-1-cairo libdeflate0 libdrm-amdgpu1
#10 29.56   libdrm-common libdrm-intel1 libdrm-nouveau2 libdrm-radeon1 libdrm2 libedit2
#10 29.56   libelf1 liberror-perl libexpat1 libfido2-1 libflac8 libflite1 libfontconfig1
#10 29.56   libfreetype6 libfribidi0 libgbm1 libgd3 libgdbm-compat4 libgdbm6
#10 29.56   libgdk-pixbuf-2.0-0 libgdk-pixbuf2.0-bin libgdk-pixbuf2.0-common
#10 29.56   libgfortran5 libgl1 libgl1-amber-dri libgl1-mesa-dri libglapi-mesa
#10 29.56   libglib2.0-0 libglib2.0-data libglvnd0 libglx-mesa0 libglx0 libgme0 libgomp1
#10 29.56   libgraphite2-3 libgsm1 libharfbuzz0b libicu70 libiec61883-0 libigdgmm12
#10 29.56   libjack-jackd2-0 libjbig0 libjpeg-turbo8 libjpeg8 libjson-c5 libksba8
#10 29.56   liblapack3 libldap-2.5-0 libldap-common liblilv-0-0 libllvm15 liblmdb0
#10 29.56   libmaxminddb0 libmd0 libmfx1 libmp3lame0 libmpdec3 libmpg123-0 libmysofa1
#10 29.56   libnghttp2-14 libnorm1 libnpth0 libnsl-dev libnuma1 libogg0 libopenal-data
#10 29.56   libopenal1 libopenjp2-7 libopenmpt0 libopus0 libpam-cap libpango-1.0-0
#10 29.56   libpangocairo-1.0-0 libpangoft2-1.0-0 libpciaccess0 libperl5.34 libpgm-5.3-0
#10 29.56   libpixman-1-0 libpng-tools libpng16-16 libpocketsphinx3 libpostproc55
#10 29.56   libpsl5 libpulse0 libpython2-stdlib libpython2.7-minimal libpython2.7-stdlib
#10 29.56   libpython3-stdlib libpython3.10-minimal libpython3.10-stdlib libquadmath0
#10 29.56   librabbitmq4 libraw1394-11 libreadline8 librsvg2-2 librsvg2-common librtmp1
#10 29.56   librubberband2 libsamplerate0 libsasl2-2 libsasl2-modules
#10 29.56   libsasl2-modules-db libsdl2-2.0-0 libsensors-config libsensors5 libserd-0-0
#10 29.56   libshine3 libslang2 libsnappy1v5 libsndfile1 libsndio7.0 libsodium23
#10 29.56   libsord-0-0 libsoxr0 libspeex1 libsphinxbase3 libsqlite3-0 libsratom-0-0
#10 29.56   libsrt1.4-gnutls libssh-4 libssh-gcrypt-4 libswresample3 libswscale5
#10 29.56   libthai-data libthai0 libtheora0 libtiff5 libtirpc-dev libtwolame0
#10 29.56   libudfread0 libusb-1.0-0 libuv1 libva-drm2 libva-x11-2 libva2 libvdpau1
#10 29.56   libvidstab1.1 libvorbis0a libvorbisenc2 libvorbisfile3 libvpx7
#10 29.56   libwayland-client0 libwayland-cursor0 libwayland-egl1 libwayland-server0
#10 29.56   libwebp7 libwebpmux3 libx11-6 libx11-data libx11-xcb1 libx264-163
#10 29.56   libx265-199 libxau6 libxcb-dri2-0 libxcb-dri3-0 libxcb-glx0 libxcb-present0
#10 29.56   libxcb-randr0 libxcb-render0 libxcb-shape0 libxcb-shm0 libxcb-sync1
#10 29.56   libxcb-xfixes0 libxcb1 libxcursor1 libxdmcp6 libxext6 libxfixes3 libxi6
#10 29.56   libxinerama1 libxkbcommon0 libxml2 libxmuu1 libxpm4 libxrandr2 libxrender1
#10 29.56   libxshmfence1 libxss1 libxv1 libxvidcore4 libxxf86vm1 libzimg2 libzmq5
#10 29.56   libzvbi-common libzvbi0 linux-libc-dev manpages manpages-dev media-types
#10 29.56   mesa-va-drivers mesa-vdpau-drivers netbase ocl-icd-libopencl1 openssh-client
#10 29.56   openssl patch perl perl-modules-5.34 pinentry-curses pocketsphinx-en-us
#10 29.56   publicsuffix python2-minimal python2.7 python2.7-minimal python3
#10 29.56   python3-minimal python3-pkg-resources python3.10 python3.10-minimal
#10 29.56   readline-common rpcsvc-proto shared-mime-info ucf va-driver-all
#10 29.56   vdpau-driver-all x11-common xauth xdg-user-dirs xkb-data zlib1g-dev
#10 29.56 Suggested packages:
#10 29.56   default-dbus-session-bus | dbus-session-bus dbus-user-session libpam-systemd
#10 29.56   pinentry-gnome3 tor ffmpeg-doc gettext-base git-daemon-run
#10 29.56   | git-daemon-sysvinit git-doc git-email git-gui gitk gitweb git-cvs
#10 29.56   git-mediawiki git-svn parcimonie xloadimage scdaemon i965-va-driver-shaders
#10 29.56   libasound2-plugins alsa-utils libcuda1 libnvcuvid1 libnvidia-encode1
#10 29.56   libbluray-bdj glibc-doc libgd-tools gdbm-l10n jackd2 mmdb-bin libportaudio2
#10 29.56   opus-tools pciutils pulseaudio libraw1394-doc libsasl2-modules-gssapi-mit
#10 29.56   | libsasl2-modules-gssapi-heimdal libsasl2-modules-ldap libsasl2-modules-otp
#10 29.56   libsasl2-modules-sql xdg-utils lm-sensors serdi sndiod sordi speex
#10 29.56   man-browser opencl-icd keychain libpam-ssh monkeysphere ssh-askpass ed
#10 29.56   diffutils-doc perl-doc libterm-readline-gnu-perl
#10 29.56   | libterm-readline-perl-perl make libtap-harness-archive-perl pinentry-doc
#10 29.56   python2-doc python-tk python2.7-doc binutils binfmt-support python3-doc
#10 29.56   python3-tk python3-venv python3-setuptools python3.10-venv python3.10-doc
#10 29.56   readline-doc sqlite3-doc supervisor-doc libvdpau-va-gl1
#10 29.91 The following NEW packages will be installed:
#10 29.91   alsa-topology-conf alsa-ucm-conf bind9-dnsutils bind9-host bind9-libs
#10 29.91   ca-certificates curl dbus dirmngr dnsutils ffmpeg fontconfig
#10 29.91   fontconfig-config fonts-dejavu-core fswatch git git-man gnupg gnupg-l10n
#10 29.91   gnupg-utils gosu gpg gpg-agent gpg-wks-client gpg-wks-server gpgconf gpgsm
#10 29.91   i965-va-driver intel-media-va-driver less libaacs0 libaom3 libapparmor1
#10 29.91   libasound2 libasound2-data libass9 libassuan0 libasyncns0 libavc1394-0
#10 29.91   libavcodec58 libavdevice58 libavfilter7 libavformat58 libavutil56 libbdplus0
#10 29.91   libblas3 libbluray2 libbrotli1 libbs2b0 libbsd0 libc-dev-bin libc-devtools
#10 29.91   libc6-dev libcaca0 libcairo-gobject2 libcairo2 libcap2-bin libcbor0.8
#10 29.91   libcdio-cdda2 libcdio-paranoia2 libcdio19 libchromaprint1 libcodec2-1.0
#10 29.91   libcrypt-dev libcurl3-gnutls libcurl4 libdatrie1 libdav1d5 libdbus-1-3
#10 29.91   libdc1394-25 libdecor-0-0 libdecor-0-plugin-1-cairo libdeflate0
#10 29.91   libdrm-amdgpu1 libdrm-common libdrm-intel1 libdrm-nouveau2 libdrm-radeon1
#10 29.91   libdrm2 libedit2 libelf1 liberror-perl libexpat1 libfido2-1 libflac8
#10 29.91   libflite1 libfontconfig1 libfreetype6 libfribidi0 libgbm1 libgd3
#10 29.91   libgdbm-compat4 libgdbm6 libgdk-pixbuf-2.0-0 libgdk-pixbuf2.0-bin
#10 29.91   libgdk-pixbuf2.0-common libgfortran5 libgl1 libgl1-amber-dri libgl1-mesa-dri
#10 29.91   libglapi-mesa libglib2.0-0 libglib2.0-data libglvnd0 libglx-mesa0 libglx0
#10 29.91   libgme0 libgomp1 libgraphite2-3 libgsm1 libharfbuzz0b libicu70 libiec61883-0
#10 29.91   libigdgmm12 libjack-jackd2-0 libjbig0 libjpeg-turbo8 libjpeg8 libjson-c5
#10 29.91   libksba8 liblapack3 libldap-2.5-0 libldap-common liblilv-0-0 libllvm15
#10 29.91   liblmdb0 libmaxminddb0 libmd0 libmfx1 libmp3lame0 libmpdec3 libmpg123-0
#10 29.91   libmysofa1 libnghttp2-14 libnorm1 libnpth0 libnsl-dev libnuma1 libogg0
#10 29.91   libopenal-data libopenal1 libopenjp2-7 libopenmpt0 libopus0 libpam-cap
#10 29.91   libpango-1.0-0 libpangocairo-1.0-0 libpangoft2-1.0-0 libpciaccess0
#10 29.91   libperl5.34 libpgm-5.3-0 libpixman-1-0 libpng-dev libpng-tools libpng16-16
#10 29.91   libpocketsphinx3 libpostproc55 libpsl5 libpulse0 libpython2-stdlib
#10 29.91   libpython2.7-minimal libpython2.7-stdlib libpython3-stdlib
#10 29.91   libpython3.10-minimal libpython3.10-stdlib libquadmath0 librabbitmq4
#10 29.91   libraw1394-11 libreadline8 librsvg2-2 librsvg2-bin librsvg2-common librtmp1
#10 29.91   librubberband2 libsamplerate0 libsasl2-2 libsasl2-modules
#10 29.91   libsasl2-modules-db libsdl2-2.0-0 libsensors-config libsensors5 libserd-0-0
#10 29.91   libshine3 libslang2 libsnappy1v5 libsndfile1 libsndio7.0 libsodium23
#10 29.91   libsord-0-0 libsoxr0 libspeex1 libsphinxbase3 libsqlite3-0 libsratom-0-0
#10 29.91   libsrt1.4-gnutls libssh-4 libssh-gcrypt-4 libswresample3 libswscale5
#10 29.91   libthai-data libthai0 libtheora0 libtiff5 libtirpc-dev libtwolame0
#10 29.91   libudfread0 libusb-1.0-0 libuv1 libva-drm2 libva-x11-2 libva2 libvdpau1
#10 29.91   libvidstab1.1 libvorbis0a libvorbisenc2 libvorbisfile3 libvpx7
#10 29.91   libwayland-client0 libwayland-cursor0 libwayland-egl1 libwayland-server0
#10 29.91   libwebp7 libwebpmux3 libx11-6 libx11-data libx11-xcb1 libx264-163
#10 29.91   libx265-199 libxau6 libxcb-dri2-0 libxcb-dri3-0 libxcb-glx0 libxcb-present0
#10 29.91   libxcb-randr0 libxcb-render0 libxcb-shape0 libxcb-shm0 libxcb-sync1
#10 29.91   libxcb-xfixes0 libxcb1 libxcursor1 libxdmcp6 libxext6 libxfixes3 libxi6
#10 29.91   libxinerama1 libxkbcommon0 libxml2 libxmuu1 libxpm4 libxrandr2 libxrender1
#10 29.91   libxshmfence1 libxss1 libxv1 libxvidcore4 libxxf86vm1 libzimg2 libzmq5
#10 29.91   libzvbi-common libzvbi0 linux-libc-dev manpages manpages-dev media-types
#10 29.91   mesa-va-drivers mesa-vdpau-drivers netbase ocl-icd-libopencl1 openssh-client
#10 29.91   openssl patch perl perl-modules-5.34 pinentry-curses pocketsphinx-en-us
#10 29.92   publicsuffix python2 python2-minimal python2.7 python2.7-minimal python3
#10 29.92   python3-minimal python3-pkg-resources python3.10 python3.10-minimal
#10 29.92   readline-common rpcsvc-proto shared-mime-info sqlite3 supervisor ucf unzip
#10 29.92   va-driver-all vdpau-driver-all x11-common xauth xdg-user-dirs xkb-data zip
#10 29.92   zlib1g-dev
#10 30.04 0 upgraded, 301 newly installed, 0 to remove and 2 not upgraded.
#10 30.04 Need to get 201 MB of archives.
#10 30.04 After this operation, 671 MB of additional disk space will be used.
#10 30.04 Get:1 http://archive.ubuntu.com/ubuntu jammy-updates/main amd64 libpython3.10-minimal amd64 3.10.12-1~22.04.16 [817 kB]
#10 30.41 Get:2 http://archive.ubuntu.com/ubuntu jammy-updates/main amd64 libexpat1 amd64 2.4.7-1ubuntu0.7 [92.1 kB]
#10 30.45 Get:3 http://archive.ubuntu.com/ubuntu jammy-updates/main amd64 python3.10-minimal amd64 3.10.12-1~22.04.16 [2254 kB]
#10 31.09 Get:4 http://archive.ubuntu.com/ubuntu jammy-updates/main amd64 python3-minimal amd64 3.10.6-1~22.04.1 [24.3 kB]
#10 31.10 Get:5 http://archive.ubuntu.com/ubuntu jammy/main amd64 media-types all 7.0.0 [25.5 kB]
#10 31.10 Get:6 http://archive.ubuntu.com/ubuntu jammy/main amd64 libmpdec3 amd64 2.5.1-2build2 [86.8 kB]
#10 31.13 Get:7 http://archive.ubuntu.com/ubuntu jammy/main amd64 readline-common all 8.1.2-1 [53.5 kB]
#10 31.14 Get:8 http://archive.ubuntu.com/ubuntu jammy/main amd64 libreadline8 amd64 8.1.2-1 [153 kB]
#10 31.18 Get:9 http://archive.ubuntu.com/ubuntu jammy-updates/main amd64 libsqlite3-0 amd64 3.37.2-2ubuntu0.7 [643 kB]
#10 31.32 Get:10 http://archive.ubuntu.com/ubuntu jammy-updates/main amd64 libpython3.10-stdlib amd64 3.10.12-1~22.04.16 [1850 kB]
#10 31.84 Get:11 http://archive.ubuntu.com/ubuntu jammy-updates/main amd64 python3.10 amd64 3.10.12-1~22.04.16 [508 kB]
#10 31.98 Get:12 http://archive.ubuntu.com/ubuntu jammy-updates/main amd64 libpython3-stdlib amd64 3.10.6-1~22.04.1 [6812 B]
#10 32.00 Get:13 http://archive.ubuntu.com/ubuntu jammy-updates/main amd64 python3 amd64 3.10.6-1~22.04.1 [22.8 kB]
#10 32.00 Get:14 http://archive.ubuntu.com/ubuntu jammy-updates/main amd64 perl-modules-5.34 all 5.34.0-3ubuntu1.7 [2977 kB]
#10 32.93 Get:15 http://archive.ubuntu.com/ubuntu jammy/main amd64 libgdbm6 amd64 1.23-1 [33.9 kB]
#10 32.93 Get:16 http://archive.ubuntu.com/ubuntu jammy/main amd64 libgdbm-compat4 amd64 1.23-1 [6606 B]
#10 32.94 Get:17 http://archive.ubuntu.com/ubuntu jammy-updates/main amd64 libperl5.34 amd64 5.34.0-3ubuntu1.7 [4817 kB]
#10 34.40 Get:18 http://archive.ubuntu.com/ubuntu jammy-updates/main amd64 perl amd64 5.34.0-3ubuntu1.7 [232 kB]
#10 34.47 Get:19 http://archive.ubuntu.com/ubuntu jammy-updates/universe amd64 libpython2.7-minimal amd64 2.7.18-13ubuntu1.5 [347 kB]
#10 34.60 Get:20 http://archive.ubuntu.com/ubuntu jammy-updates/universe amd64 python2.7-minimal amd64 2.7.18-13ubuntu1.5 [1400 kB]
#10 34.98 Get:21 http://archive.ubuntu.com/ubuntu jammy/universe amd64 python2-minimal amd64 2.7.18-3 [20.8 kB]
#10 35.00 Get:22 http://archive.ubuntu.com/ubuntu jammy-updates/universe amd64 libpython2.7-stdlib amd64 2.7.18-13ubuntu1.5 [1977 kB]
#10 35.53 Get:23 http://archive.ubuntu.com/ubuntu jammy-updates/universe amd64 python2.7 amd64 2.7.18-13ubuntu1.5 [250 kB]
#10 35.62 Get:24 http://archive.ubuntu.com/ubuntu jammy/universe amd64 libpython2-stdlib amd64 2.7.18-3 [7432 B]
#10 35.62 Get:25 http://archive.ubuntu.com/ubuntu jammy/universe amd64 python2 amd64 2.7.18-3 [9098 B]
#10 35.62 Get:26 http://archive.ubuntu.com/ubuntu jammy-updates/main amd64 python3-pkg-resources all 59.6.0-1.2ubuntu0.22.04.3 [133 kB]
#10 35.65 Get:27 http://archive.ubuntu.com/ubuntu jammy/universe amd64 supervisor all 4.2.1-1ubuntu1 [278 kB]
#10 35.72 Get:28 http://archive.ubuntu.com/ubuntu jammy-updates/main amd64 openssl amd64 3.0.2-0ubuntu1.26 [1184 kB]
#10 36.04 Get:29 http://archive.ubuntu.com/ubuntu jammy-updates/main amd64 ca-certificates all 20260601~22.04.1 [141 kB]
#10 36.09 Get:30 http://archive.ubuntu.com/ubuntu jammy-updates/main amd64 libapparmor1 amd64 3.0.4-2ubuntu2.5 [39.6 kB]
#10 36.12 Get:31 http://archive.ubuntu.com/ubuntu jammy-updates/main amd64 libdbus-1-3 amd64 1.12.20-2ubuntu4.1 [189 kB]
#10 36.15 Get:32 http://archive.ubuntu.com/ubuntu jammy-updates/main amd64 dbus amd64 1.12.20-2ubuntu4.1 [158 kB]
#10 36.20 Get:33 http://archive.ubuntu.com/ubuntu jammy-updates/main amd64 less amd64 590-1ubuntu0.22.04.3 [142 kB]
#10 36.23 Get:34 http://archive.ubuntu.com/ubuntu jammy/main amd64 libmd0 amd64 1.0.4-1build1 [23.0 kB]
#10 36.25 Get:35 http://archive.ubuntu.com/ubuntu jammy/main amd64 libbsd0 amd64 0.11.5-1 [44.8 kB]
#10 36.26 Get:36 http://archive.ubuntu.com/ubuntu jammy-updates/main amd64 libcap2-bin amd64 1:2.44-1ubuntu0.22.04.3 [26.0 kB]
#10 36.27 Get:37 http://archive.ubuntu.com/ubuntu jammy-updates/main amd64 libelf1 amd64 0.186-1ubuntu0.1 [51.1 kB]
#10 36.28 Get:38 http://archive.ubuntu.com/ubuntu jammy-updates/main amd64 libfribidi0 amd64 1.0.8-2ubuntu3.1 [26.1 kB]
#10 36.30 Get:39 http://archive.ubuntu.com/ubuntu jammy-updates/main amd64 libglib2.0-0 amd64 2.72.4-0ubuntu2.9 [1467 kB]
#10 36.71 Get:40 http://archive.ubuntu.com/ubuntu jammy-updates/main amd64 libglib2.0-data all 2.72.4-0ubuntu2.9 [5088 B]
#10 36.71 Get:41 http://archive.ubuntu.com/ubuntu jammy/main amd64 libicu70 amd64 70.1-2 [10.6 MB]
#10 39.68 Get:42 http://archive.ubuntu.com/ubuntu jammy-updates/main amd64 libjson-c5 amd64 0.15-3~ubuntu1.22.04.2 [33.5 kB]
#10 39.70 Get:43 http://archive.ubuntu.com/ubuntu jammy-updates/main amd64 libpam-cap amd64 1:2.44-1ubuntu0.22.04.3 [7928 B]
#10 39.70 Get:44 http://archive.ubuntu.com/ubuntu jammy/main amd64 libslang2 amd64 2.3.2-5build4 [468 kB]
#10 39.82 Get:45 http://archive.ubuntu.com/ubuntu jammy-updates/main amd64 libxml2 amd64 2.9.13+dfsg-1ubuntu0.12 [765 kB]
#10 40.03 Get:46 http://archive.ubuntu.com/ubuntu jammy/main amd64 netbase all 6.3 [12.9 kB]
#10 40.03 Get:47 http://archive.ubuntu.com/ubuntu jammy/main amd64 shared-mime-info amd64 2.1-2 [454 kB]
#10 40.19 Get:48 http://archive.ubuntu.com/ubuntu jammy/main amd64 ucf all 3.0043 [56.1 kB]
#10 40.24 Get:49 http://archive.ubuntu.com/ubuntu jammy/main amd64 xdg-user-dirs amd64 0.17-2ubuntu4 [53.9 kB]
#10 40.30 Get:50 http://archive.ubuntu.com/ubuntu jammy/main amd64 xkb-data all 2.33-1 [394 kB]
#10 40.44 Get:51 http://archive.ubuntu.com/ubuntu jammy/main amd64 libedit2 amd64 3.1-20210910-1build1 [96.8 kB]
#10 40.48 Get:52 http://archive.ubuntu.com/ubuntu jammy/main amd64 liblmdb0 amd64 0.9.24-1build2 [47.6 kB]
#10 40.50 Get:53 http://archive.ubuntu.com/ubuntu jammy/main amd64 libmaxminddb0 amd64 1.5.2-1build2 [24.7 kB]
#10 40.51 Get:54 http://archive.ubuntu.com/ubuntu jammy-updates/main amd64 libnghttp2-14 amd64 1.43.0-1ubuntu0.4 [76.9 kB]
#10 40.55 Get:55 http://archive.ubuntu.com/ubuntu jammy-updates/main amd64 libuv1 amd64 1.43.0-1ubuntu0.1 [92.7 kB]
#10 40.59 Get:56 http://archive.ubuntu.com/ubuntu jammy-updates/main amd64 bind9-libs amd64 1:9.18.39-0ubuntu0.22.04.4 [1263 kB]
#10 40.92 Get:57 http://archive.ubuntu.com/ubuntu jammy-updates/main amd64 bind9-host amd64 1:9.18.39-0ubuntu0.22.04.4 [52.1 kB]
#10 40.93 Get:58 http://archive.ubuntu.com/ubuntu jammy-updates/main amd64 bind9-dnsutils amd64 1:9.18.39-0ubuntu0.22.04.4 [158 kB]
#10 40.98 Get:59 http://archive.ubuntu.com/ubuntu jammy/main amd64 libcbor0.8 amd64 0.8.0-2ubuntu1 [24.6 kB]
#10 40.98 Get:60 http://archive.ubuntu.com/ubuntu jammy-updates/main amd64 libdrm-common all 2.4.113-2~ubuntu0.22.04.1 [5450 B]
#10 40.99 Get:61 http://archive.ubuntu.com/ubuntu jammy-updates/main amd64 libdrm2 amd64 2.4.113-2~ubuntu0.22.04.1 [38.1 kB]
#10 41.01 Get:62 http://archive.ubuntu.com/ubuntu jammy/main amd64 libfido2-1 amd64 1.10.0-1 [82.8 kB]
#10 41.03 Get:63 http://archive.ubuntu.com/ubuntu jammy/main amd64 libnuma1 amd64 2.0.14-3ubuntu2 [22.5 kB]
#10 41.03 Get:64 http://archive.ubuntu.com/ubuntu jammy-updates/main amd64 libpng16-16 amd64 1.6.37-3ubuntu0.5 [192 kB]
#10 41.08 Get:65 http://archive.ubuntu.com/ubuntu jammy/main amd64 libpsl5 amd64 0.21.0-1.2build2 [58.4 kB]
#10 41.09 Get:66 http://archive.ubuntu.com/ubuntu jammy-updates/main amd64 libusb-1.0-0 amd64 2:1.0.25-1ubuntu2 [52.7 kB]
#10 41.11 Get:67 http://archive.ubuntu.com/ubuntu jammy/main amd64 libxau6 amd64 1:1.0.9-1build5 [7634 B]
#10 41.11 Get:68 http://archive.ubuntu.com/ubuntu jammy/main amd64 libxdmcp6 amd64 1:1.1.3-0ubuntu5 [10.9 kB]
#10 41.11 Get:69 http://archive.ubuntu.com/ubuntu jammy/main amd64 libxcb1 amd64 1.14-3ubuntu3 [49.0 kB]
#10 41.12 Get:70 http://archive.ubuntu.com/ubuntu jammy-updates/main amd64 libx11-data all 2:1.7.5-1ubuntu0.3 [120 kB]
#10 41.16 Get:71 http://archive.ubuntu.com/ubuntu jammy-updates/main amd64 libx11-6 amd64 2:1.7.5-1ubuntu0.3 [667 kB]
#10 41.36 Get:72 http://archive.ubuntu.com/ubuntu jammy/main amd64 libxext6 amd64 2:1.3.4-1build1 [31.8 kB]
#10 41.36 Get:73 http://archive.ubuntu.com/ubuntu jammy/main amd64 libxmuu1 amd64 2:1.1.3-3 [10.2 kB]
#10 41.37 Get:74 http://archive.ubuntu.com/ubuntu jammy/main amd64 manpages all 5.10-1ubuntu1 [1375 kB]
#10 41.75 Get:75 http://archive.ubuntu.com/ubuntu jammy-updates/main amd64 openssh-client amd64 1:8.9p1-3ubuntu0.16 [904 kB]
#10 41.98 Get:76 http://archive.ubuntu.com/ubuntu jammy/main amd64 publicsuffix all 20211207.1025-1 [129 kB]
#10 42.02 Get:77 http://archive.ubuntu.com/ubuntu jammy/main amd64 xauth amd64 1:1.1-1build2 [27.5 kB]
#10 42.02 Get:78 http://archive.ubuntu.com/ubuntu jammy/main amd64 alsa-topology-conf all 1.2.5.1-2 [15.5 kB]
#10 42.03 Get:79 http://archive.ubuntu.com/ubuntu jammy-updates/main amd64 libasound2-data all 1.2.6.1-1ubuntu1.2 [19.3 kB]
#10 42.03 Get:80 http://archive.ubuntu.com/ubuntu jammy-updates/main amd64 libasound2 amd64 1.2.6.1-1ubuntu1.2 [391 kB]
#10 42.13 Get:81 http://archive.ubuntu.com/ubuntu jammy-updates/main amd64 alsa-ucm-conf all 1.2.6.3-1ubuntu1.12 [43.5 kB]
#10 42.14 Get:82 http://archive.ubuntu.com/ubuntu jammy/main amd64 libbrotli1 amd64 1.0.9-2build6 [315 kB]
#10 42.24 Get:83 http://archive.ubuntu.com/ubuntu jammy-updates/main amd64 libsasl2-modules-db amd64 2.1.27+dfsg2-3ubuntu1.2 [20.5 kB]
#10 42.24 Get:84 http://archive.ubuntu.com/ubuntu jammy-updates/main amd64 libsasl2-2 amd64 2.1.27+dfsg2-3ubuntu1.2 [53.8 kB]
#10 42.26 Get:85 http://archive.ubuntu.com/ubuntu jammy-updates/main amd64 libldap-2.5-0 amd64 2.5.20+dfsg-0ubuntu0.22.04.1 [184 kB]
#10 42.35 Get:86 http://archive.ubuntu.com/ubuntu jammy/main amd64 librtmp1 amd64 2.4+20151223.gitfa8646d.1-2build4 [58.2 kB]
#10 42.35 Get:87 http://archive.ubuntu.com/ubuntu jammy-updates/main amd64 libssh-4 amd64 0.9.6-2ubuntu0.22.04.7 [187 kB]
#10 42.37 Get:88 http://archive.ubuntu.com/ubuntu jammy-updates/main amd64 libcurl4 amd64 7.81.0-1ubuntu1.25 [291 kB]
#10 42.46 Get:89 http://archive.ubuntu.com/ubuntu jammy-updates/main amd64 curl amd64 7.81.0-1ubuntu1.25 [194 kB]
#10 42.56 Get:90 http://archive.ubuntu.com/ubuntu jammy/main amd64 libassuan0 amd64 2.5.5-1build1 [38.2 kB]
#10 42.56 Get:91 http://archive.ubuntu.com/ubuntu jammy-updates/main amd64 gpgconf amd64 2.2.27-3ubuntu2.5 [94.3 kB]
#10 42.58 Get:92 http://archive.ubuntu.com/ubuntu jammy-updates/main amd64 libksba8 amd64 1.6.0-2ubuntu0.2 [119 kB]
#10 42.61 Get:93 http://archive.ubuntu.com/ubuntu jammy/main amd64 libnpth0 amd64 1.6-3build2 [8664 B]
#10 42.62 Get:94 http://archive.ubuntu.com/ubuntu jammy-updates/main amd64 dirmngr amd64 2.2.27-3ubuntu2.5 [293 kB]
#10 42.73 Get:95 http://archive.ubuntu.com/ubuntu jammy-updates/universe amd64 dnsutils all 1:9.18.39-0ubuntu0.22.04.4 [3926 B]
#10 42.73 Get:96 http://archive.ubuntu.com/ubuntu jammy-updates/universe amd64 libaom3 amd64 3.3.0-1ubuntu0.1 [1748 kB]
#10 43.17 Get:97 http://archive.ubuntu.com/ubuntu jammy/universe amd64 libva2 amd64 2.14.0-1 [65.0 kB]
#10 43.19 Get:98 http://archive.ubuntu.com/ubuntu jammy/universe amd64 libmfx1 amd64 22.3.0-1 [3105 kB]
#10 44.12 Get:99 http://archive.ubuntu.com/ubuntu jammy/universe amd64 libva-drm2 amd64 2.14.0-1 [7502 B]
#10 44.12 Get:100 http://archive.ubuntu.com/ubuntu jammy/main amd64 libxfixes3 amd64 1:6.0.0-1 [11.7 kB]
#10 44.13 Get:101 http://archive.ubuntu.com/ubuntu jammy/universe amd64 libva-x11-2 amd64 2.14.0-1 [12.6 kB]
#10 44.22 Get:102 http://archive.ubuntu.com/ubuntu jammy/main amd64 libvdpau1 amd64 1.4-3build2 [27.0 kB]
#10 44.31 Get:103 http://archive.ubuntu.com/ubuntu jammy/universe amd64 ocl-icd-libopencl1 amd64 2.2.14-3 [39.1 kB]
#10 44.33 Get:104 http://archive.ubuntu.com/ubuntu jammy-updates/universe amd64 libavutil56 amd64 7:4.4.2-0ubuntu0.22.04.1 [290 kB]
#10 44.45 Get:105 http://archive.ubuntu.com/ubuntu jammy-updates/main amd64 libfreetype6 amd64 2.11.1+dfsg-1ubuntu0.3 [388 kB]
#10 44.58 Get:106 http://archive.ubuntu.com/ubuntu jammy/main amd64 fonts-dejavu-core all 2.37-2build1 [1041 kB]
#10 44.93 Get:107 http://archive.ubuntu.com/ubuntu jammy/main amd64 fontconfig-config all 2.13.1-4.2ubuntu5 [29.1 kB]
#10 44.93 Get:108 http://archive.ubuntu.com/ubuntu jammy/main amd64 libfontconfig1 amd64 2.13.1-4.2ubuntu5 [131 kB]
#10 44.99 Get:109 http://archive.ubuntu.com/ubuntu jammy-updates/main amd64 libpixman-1-0 amd64 0.40.0-1ubuntu0.22.04.1 [264 kB]
#10 45.05 Get:110 http://archive.ubuntu.com/ubuntu jammy/main amd64 libxcb-render0 amd64 1.14-3ubuntu3 [16.4 kB]
#10 45.05 Get:111 http://archive.ubuntu.com/ubuntu jammy/main amd64 libxcb-shm0 amd64 1.14-3ubuntu3 [5780 B]
#10 45.05 Get:112 http://archive.ubuntu.com/ubuntu jammy/main amd64 libxrender1 amd64 1:0.9.10-1build4 [19.7 kB]
#10 45.07 Get:113 http://archive.ubuntu.com/ubuntu jammy-updates/main amd64 libcairo2 amd64 1.16.0-5ubuntu2.1 [628 kB]
#10 45.25 Get:114 http://archive.ubuntu.com/ubuntu jammy/universe amd64 libcodec2-1.0 amd64 1.0.1-3 [8435 kB]
#10 47.60 Get:115 http://archive.ubuntu.com/ubuntu jammy/universe amd64 libdav1d5 amd64 0.9.2-1 [463 kB]
#10 47.72 Get:116 http://archive.ubuntu.com/ubuntu jammy/universe amd64 libgsm1 amd64 1.0.19-1 [27.7 kB]
#10 47.74 Get:117 http://archive.ubuntu.com/ubuntu jammy/main amd64 libmp3lame0 amd64 3.100-3build2 [141 kB]
#10 47.77 Get:118 http://archive.ubuntu.com/ubuntu jammy-updates/main amd64 libopenjp2-7 amd64 2.4.0-6ubuntu0.5 [158 kB]
#10 47.82 Get:119 http://archive.ubuntu.com/ubuntu jammy/main amd64 libopus0 amd64 1.3.1-0.1build2 [203 kB]
#10 47.88 Get:120 http://archive.ubuntu.com/ubuntu jammy-updates/main amd64 libcairo-gobject2 amd64 1.16.0-5ubuntu2.1 [19.5 kB]
#10 47.89 Get:121 http://archive.ubuntu.com/ubuntu jammy-updates/main amd64 libgdk-pixbuf2.0-common all 2.42.8+dfsg-1ubuntu0.5 [5560 B]
#10 47.89 Get:122 http://archive.ubuntu.com/ubuntu jammy/main amd64 libjpeg-turbo8 amd64 2.1.2-0ubuntu1 [134 kB]
#10 47.96 Get:123 http://archive.ubuntu.com/ubuntu jammy/main amd64 libjpeg8 amd64 8c-2ubuntu10 [2264 B]
#10 47.96 Get:124 http://archive.ubuntu.com/ubuntu jammy/main amd64 libdeflate0 amd64 1.10-2 [70.9 kB]
#10 47.96 Get:125 http://archive.ubuntu.com/ubuntu jammy-updates/main amd64 libjbig0 amd64 2.1-3.1ubuntu0.22.04.1 [29.2 kB]
#10 47.96 Get:126 http://archive.ubuntu.com/ubuntu jammy-updates/main amd64 libwebp7 amd64 1.2.2-2ubuntu0.22.04.2 [206 kB]
#10 48.01 Get:127 http://archive.ubuntu.com/ubuntu jammy-updates/main amd64 libtiff5 amd64 4.3.0-6ubuntu0.13 [185 kB]
#10 48.06 Get:128 http://archive.ubuntu.com/ubuntu jammy-updates/main amd64 libgdk-pixbuf-2.0-0 amd64 2.42.8+dfsg-1ubuntu0.5 [148 kB]
#10 48.10 Get:129 http://archive.ubuntu.com/ubuntu jammy/main amd64 fontconfig amd64 2.13.1-4.2ubuntu5 [177 kB]
#10 48.16 Get:130 http://archive.ubuntu.com/ubuntu jammy-updates/main amd64 libgraphite2-3 amd64 1.3.14-1ubuntu0.1 [71.6 kB]
#10 48.17 Get:131 http://archive.ubuntu.com/ubuntu jammy-updates/main amd64 libharfbuzz0b amd64 2.7.4-1ubuntu3.2 [353 kB]
#10 48.28 Get:132 http://archive.ubuntu.com/ubuntu jammy/main amd64 libthai-data all 0.1.29-1build1 [162 kB]
#10 48.35 Get:133 http://archive.ubuntu.com/ubuntu jammy/main amd64 libdatrie1 amd64 0.2.13-2 [19.9 kB]
#10 48.35 Get:134 http://archive.ubuntu.com/ubuntu jammy/main amd64 libthai0 amd64 0.1.29-1build1 [19.2 kB]
#10 48.35 Get:135 http://archive.ubuntu.com/ubuntu jammy-updates/main amd64 libpango-1.0-0 amd64 1.50.6+ds-2ubuntu1 [230 kB]
#10 48.42 Get:136 http://archive.ubuntu.com/ubuntu jammy-updates/main amd64 libpangoft2-1.0-0 amd64 1.50.6+ds-2ubuntu1 [54.0 kB]
#10 48.43 Get:137 http://archive.ubuntu.com/ubuntu jammy-updates/main amd64 libpangocairo-1.0-0 amd64 1.50.6+ds-2ubuntu1 [39.8 kB]
#10 48.45 Get:138 http://archive.ubuntu.com/ubuntu jammy-updates/main amd64 librsvg2-2 amd64 2.52.5+dfsg-3ubuntu0.2 [2974 kB]
#10 49.33 Get:139 http://archive.ubuntu.com/ubuntu jammy/universe amd64 libshine3 amd64 3.1.1-2 [23.2 kB]
#10 49.34 Get:140 http://archive.ubuntu.com/ubuntu jammy/main amd64 libsnappy1v5 amd64 1.1.8-1build3 [17.5 kB]
#10 49.34 Get:141 http://archive.ubuntu.com/ubuntu jammy/main amd64 libspeex1 amd64 1.2~rc1.2-1.1ubuntu3 [57.9 kB]
#10 49.35 Get:142 http://archive.ubuntu.com/ubuntu jammy-updates/main amd64 libgomp1 amd64 12.3.0-1ubuntu1~22.04.3 [127 kB]
#10 49.40 Get:143 http://archive.ubuntu.com/ubuntu jammy/main amd64 libsoxr0 amd64 0.1.3-4build2 [79.8 kB]
#10 49.41 Get:144 http://archive.ubuntu.com/ubuntu jammy-updates/universe amd64 libswresample3 amd64 7:4.4.2-0ubuntu0.22.04.1 [62.2 kB]
#10 49.43 Get:145 http://archive.ubuntu.com/ubuntu jammy/main amd64 libogg0 amd64 1.3.5-0ubuntu3 [22.9 kB]
#10 49.44 Get:146 http://archive.ubuntu.com/ubuntu jammy/main amd64 libtheora0 amd64 1.1.1+dfsg.1-15ubuntu4 [209 kB]
#10 49.50 Get:147 http://archive.ubuntu.com/ubuntu jammy/main amd64 libtwolame0 amd64 0.4.0-2build2 [52.5 kB]
#10 49.51 Get:148 http://archive.ubuntu.com/ubuntu jammy/main amd64 libvorbis0a amd64 1.3.7-1build2 [99.2 kB]
#10 49.54 Get:149 http://archive.ubuntu.com/ubuntu jammy/main amd64 libvorbisenc2 amd64 1.3.7-1build2 [82.6 kB]
#10 49.57 Get:150 http://archive.ubuntu.com/ubuntu jammy-updates/main amd64 libvpx7 amd64 1.11.0-2ubuntu2.5 [1078 kB]
#10 49.86 Get:151 http://archive.ubuntu.com/ubuntu jammy-updates/main amd64 libwebpmux3 amd64 1.2.2-2ubuntu0.22.04.2 [20.5 kB]
#10 49.86 Get:152 http://archive.ubuntu.com/ubuntu jammy/universe amd64 libx264-163 amd64 2:0.163.3060+git5db6aa6-2build1 [591 kB]
#10 50.09 Get:153 http://archive.ubuntu.com/ubuntu jammy/universe amd64 libx265-199 amd64 3.5-2 [1170 kB]
#10 50.45 Get:154 http://archive.ubuntu.com/ubuntu jammy/universe amd64 libxvidcore4 amd64 2:1.3.7-1 [201 kB]
#10 50.50 Get:155 http://archive.ubuntu.com/ubuntu jammy/universe amd64 libzvbi-common all 0.2.35-19 [35.5 kB]
#10 50.51 Get:156 http://archive.ubuntu.com/ubuntu jammy/universe amd64 libzvbi0 amd64 0.2.35-19 [262 kB]
#10 50.61 Get:157 http://archive.ubuntu.com/ubuntu jammy-updates/universe amd64 libavcodec58 amd64 7:4.4.2-0ubuntu0.22.04.1 [5567 kB]
#10 52.21 Get:158 http://archive.ubuntu.com/ubuntu jammy/main amd64 libraw1394-11 amd64 2.1.2-2build2 [27.0 kB]
#10 52.21 Get:159 http://archive.ubuntu.com/ubuntu jammy/main amd64 libavc1394-0 amd64 0.5.4-5build2 [17.0 kB]
#10 52.21 Get:160 http://archive.ubuntu.com/ubuntu jammy/universe amd64 libass9 amd64 1:0.15.2-1 [97.5 kB]
#10 52.25 Get:161 http://archive.ubuntu.com/ubuntu jammy/universe amd64 libudfread0 amd64 1.1.2-1 [16.2 kB]
#10 52.26 Get:162 http://archive.ubuntu.com/ubuntu jammy/universe amd64 libbluray2 amd64 1:1.3.1-1 [159 kB]
#10 52.30 Get:163 http://archive.ubuntu.com/ubuntu jammy/universe amd64 libchromaprint1 amd64 1.5.1-2 [28.4 kB]
#10 52.30 Get:164 http://archive.ubuntu.com/ubuntu jammy/universe amd64 libgme0 amd64 0.6.3-2 [127 kB]
#10 52.34 Get:165 http://archive.ubuntu.com/ubuntu jammy-updates/main amd64 libmpg123-0 amd64 1.29.3-1ubuntu0.1 [172 kB]
#10 52.39 Get:166 http://archive.ubuntu.com/ubuntu jammy/main amd64 libvorbisfile3 amd64 1.3.7-1build2 [17.1 kB]
#10 52.39 Get:167 http://archive.ubuntu.com/ubuntu jammy/universe amd64 libopenmpt0 amd64 0.6.1-1 [592 kB]
#10 52.56 Get:168 http://archive.ubuntu.com/ubuntu jammy-updates/main amd64 librabbitmq4 amd64 0.10.0-1ubuntu2.1 [39.5 kB]
#10 52.57 Get:169 http://archive.ubuntu.com/ubuntu jammy/universe amd64 libsrt1.4-gnutls amd64 1.4.4-4 [309 kB]
#10 52.64 Get:170 http://archive.ubuntu.com/ubuntu jammy-updates/main amd64 libssh-gcrypt-4 amd64 0.9.6-2ubuntu0.22.04.7 [224 kB]
#10 52.72 Get:171 http://archive.ubuntu.com/ubuntu jammy/universe amd64 libnorm1 amd64 1.5.9+dfsg-2 [221 kB]
#10 52.77 Get:172 http://archive.ubuntu.com/ubuntu jammy/universe amd64 libpgm-5.3-0 amd64 5.3.128~dfsg-2 [161 kB]
#10 52.83 Get:173 http://archive.ubuntu.com/ubuntu jammy-updates/main amd64 libsodium23 amd64 1.0.18-1ubuntu0.22.04.1 [164 kB]
#10 52.88 Get:174 http://archive.ubuntu.com/ubuntu jammy/universe amd64 libzmq5 amd64 4.3.4-2 [256 kB]
#10 52.94 Get:175 http://archive.ubuntu.com/ubuntu jammy-updates/universe amd64 libavformat58 amd64 7:4.4.2-0ubuntu0.22.04.1 [1103 kB]
#10 53.24 Get:176 http://archive.ubuntu.com/ubuntu jammy/universe amd64 libbs2b0 amd64 3.1.0+dfsg-2.2build1 [10.2 kB]
#10 53.24 Get:177 http://archive.ubuntu.com/ubuntu jammy/universe amd64 libflite1 amd64 2.2-3 [13.7 MB]
#10 57.42 Get:178 http://archive.ubuntu.com/ubuntu jammy/universe amd64 libserd-0-0 amd64 0.30.10-2 [40.8 kB]
#10 57.44 Get:179 http://archive.ubuntu.com/ubuntu jammy/universe amd64 libsord-0-0 amd64 0.16.8-2 [21.2 kB]
#10 57.44 Get:180 http://archive.ubuntu.com/ubuntu jammy/universe amd64 libsratom-0-0 amd64 0.6.8-1 [17.0 kB]
#10 57.44 Get:181 http://archive.ubuntu.com/ubuntu jammy/universe amd64 liblilv-0-0 amd64 0.24.12-2 [42.8 kB]
#10 57.45 Get:182 http://archive.ubuntu.com/ubuntu jammy/universe amd64 libmysofa1 amd64 1.2.1~dfsg0-1 [1157 kB]
#10 57.80 Get:183 http://archive.ubuntu.com/ubuntu jammy/main amd64 libblas3 amd64 3.10.0-2ubuntu1 [228 kB]
#10 57.84 Get:184 http://archive.ubuntu.com/ubuntu jammy-updates/main amd64 libquadmath0 amd64 12.3.0-1ubuntu1~22.04.3 [154 kB]
#10 57.90 Get:185 http://archive.ubuntu.com/ubuntu jammy-updates/main amd64 libgfortran5 amd64 12.3.0-1ubuntu1~22.04.3 [879 kB]
#10 58.14 Get:186 http://archive.ubuntu.com/ubuntu jammy/main amd64 liblapack3 amd64 3.10.0-2ubuntu1 [2504 kB]
#10 58.90 Get:187 http://archive.ubuntu.com/ubuntu jammy/main amd64 libasyncns0 amd64 0.8-6build2 [12.8 kB]
#10 58.92 Get:188 http://archive.ubuntu.com/ubuntu jammy-updates/main amd64 libflac8 amd64 1.3.3-2ubuntu0.2 [111 kB]
#10 58.94 Get:189 http://archive.ubuntu.com/ubuntu jammy-updates/main amd64 libsndfile1 amd64 1.0.31-2ubuntu0.2 [196 kB]
#10 59.00 Get:190 http://archive.ubuntu.com/ubuntu jammy-updates/main amd64 libx11-xcb1 amd64 2:1.7.5-1ubuntu0.3 [7802 B]
#10 59.00 Get:191 http://archive.ubuntu.com/ubuntu jammy-updates/main amd64 libpulse0 amd64 1:15.99.1+dfsg1-1ubuntu2.2 [298 kB]
#10 59.09 Get:192 http://archive.ubuntu.com/ubuntu jammy/universe amd64 libsphinxbase3 amd64 0.8+5prealpha+1-13build1 [126 kB]
#10 59.13 Get:193 http://archive.ubuntu.com/ubuntu jammy/universe amd64 libpocketsphinx3 amd64 0.8.0+real5prealpha+1-14ubuntu1 [132 kB]
#10 59.17 Get:194 http://archive.ubuntu.com/ubuntu jammy-updates/universe amd64 libpostproc55 amd64 7:4.4.2-0ubuntu0.22.04.1 [60.1 kB]
#10 59.18 Get:195 http://archive.ubuntu.com/ubuntu jammy/main amd64 libsamplerate0 amd64 0.2.2-1build1 [1359 kB]
#10 59.92 Get:196 http://archive.ubuntu.com/ubuntu jammy/universe amd64 librubberband2 amd64 2.0.0-2 [90.0 kB]
#10 59.96 Get:197 http://archive.ubuntu.com/ubuntu jammy-updates/universe amd64 libswscale5 amd64 7:4.4.2-0ubuntu0.22.04.1 [180 kB]
#10 60.02 Get:198 http://archive.ubuntu.com/ubuntu jammy/universe amd64 libvidstab1.1 amd64 1.1.0-2 [35.0 kB]
#10 60.04 Get:199 http://archive.ubuntu.com/ubuntu jammy/universe amd64 libzimg2 amd64 3.0.3+ds1-1 [241 kB]
#10 60.11 Get:200 http://archive.ubuntu.com/ubuntu jammy-updates/universe amd64 libavfilter7 amd64 7:4.4.2-0ubuntu0.22.04.1 [1496 kB]
#10 60.60 Get:201 http://archive.ubuntu.com/ubuntu jammy-updates/main amd64 libcaca0 amd64 0.99.beta19-2.2ubuntu4.2 [224 kB]
#10 60.67 Get:202 http://archive.ubuntu.com/ubuntu jammy-updates/main amd64 libcdio19 amd64 2.1.0-3ubuntu0.2 [63.6 kB]
#10 60.76 Get:203 http://archive.ubuntu.com/ubuntu jammy/main amd64 libcdio-cdda2 amd64 10.2+2.0.0-1build3 [16.7 kB]
#10 60.84 Get:204 http://archive.ubuntu.com/ubuntu jammy/main amd64 libcdio-paranoia2 amd64 10.2+2.0.0-1build3 [15.9 kB]
#10 60.86 Get:205 http://archive.ubuntu.com/ubuntu jammy/universe amd64 libdc1394-25 amd64 2.2.6-4 [88.8 kB]
#10 60.93 Get:206 http://archive.ubuntu.com/ubuntu jammy/main amd64 libglvnd0 amd64 1.4.0-1 [73.6 kB]
#10 60.96 Get:207 http://archive.ubuntu.com/ubuntu jammy-updates/main amd64 libglapi-mesa amd64 23.2.1-1ubuntu3.1~22.04.4 [35.6 kB]
#10 60.97 Get:208 http://archive.ubuntu.com/ubuntu jammy/main amd64 libxcb-dri2-0 amd64 1.14-3ubuntu3 [7206 B]
#10 60.98 Get:209 http://archive.ubuntu.com/ubuntu jammy/main amd64 libxcb-dri3-0 amd64 1.14-3ubuntu3 [6968 B]
#10 60.98 Get:210 http://archive.ubuntu.com/ubuntu jammy/main amd64 libxcb-glx0 amd64 1.14-3ubuntu3 [25.9 kB]
#10 60.98 Get:211 http://archive.ubuntu.com/ubuntu jammy/main amd64 libxcb-present0 amd64 1.14-3ubuntu3 [5734 B]
#10 60.99 Get:212 http://archive.ubuntu.com/ubuntu jammy/main amd64 libxcb-randr0 amd64 1.14-3ubuntu3 [18.3 kB]
#10 60.99 Get:213 http://archive.ubuntu.com/ubuntu jammy/main amd64 libxcb-sync1 amd64 1.14-3ubuntu3 [9416 B]
#10 60.99 Get:214 http://archive.ubuntu.com/ubuntu jammy/main amd64 libxcb-xfixes0 amd64 1.14-3ubuntu3 [9996 B]
#10 61.00 Get:215 http://archive.ubuntu.com/ubuntu jammy/main amd64 libxshmfence1 amd64 1.3-1build4 [5394 B]
#10 61.02 Get:216 http://archive.ubuntu.com/ubuntu jammy/main amd64 libxxf86vm1 amd64 1:1.1.4-1build3 [10.4 kB]
#10 61.02 Get:217 http://archive.ubuntu.com/ubuntu jammy-updates/main amd64 libdrm-amdgpu1 amd64 2.4.113-2~ubuntu0.22.04.1 [19.9 kB]
#10 61.04 Get:218 http://archive.ubuntu.com/ubuntu jammy/main amd64 libpciaccess0 amd64 0.16-3 [19.1 kB]
#10 61.05 Get:219 http://archive.ubuntu.com/ubuntu jammy-updates/main amd64 libdrm-intel1 amd64 2.4.113-2~ubuntu0.22.04.1 [66.7 kB]
#10 61.08 Get:220 http://archive.ubuntu.com/ubuntu jammy-updates/main amd64 libdrm-nouveau2 amd64 2.4.113-2~ubuntu0.22.04.1 [17.5 kB]
#10 61.08 Get:221 http://archive.ubuntu.com/ubuntu jammy-updates/main amd64 libdrm-radeon1 amd64 2.4.113-2~ubuntu0.22.04.1 [21.6 kB]
#10 61.09 Get:222 http://archive.ubuntu.com/ubuntu jammy-updates/main amd64 libllvm15 amd64 1:15.0.7-0ubuntu0.22.04.3 [25.4 MB]
#10 68.56 Get:223 http://archive.ubuntu.com/ubuntu jammy/main amd64 libsensors-config all 1:3.6.0-7ubuntu1 [5274 B]
#10 68.56 Get:224 http://archive.ubuntu.com/ubuntu jammy/main amd64 libsensors5 amd64 1:3.6.0-7ubuntu1 [26.3 kB]
#10 68.57 Get:225 http://archive.ubuntu.com/ubuntu jammy-updates/main amd64 libgl1-mesa-dri amd64 23.2.1-1ubuntu3.1~22.04.4 [8860 kB]
#10 68.65 Ign:225 http://archive.ubuntu.com/ubuntu jammy-updates/main amd64 libgl1-mesa-dri amd64 23.2.1-1ubuntu3.1~22.04.4
#10 68.79 Get:226 http://archive.ubuntu.com/ubuntu jammy-updates/main amd64 libglx-mesa0 amd64 23.2.1-1ubuntu3.1~22.04.4 [158 kB]
#10 68.99 Get:227 http://archive.ubuntu.com/ubuntu jammy/main amd64 libglx0 amd64 1.4.0-1 [41.0 kB]
#10 69.02 Get:228 http://archive.ubuntu.com/ubuntu jammy/main amd64 libgl1 amd64 1.4.0-1 [110 kB]
#10 69.06 Get:229 http://archive.ubuntu.com/ubuntu jammy/main amd64 libiec61883-0 amd64 1.2.0-4build3 [25.9 kB]
#10 69.06 Get:230 http://archive.ubuntu.com/ubuntu jammy/main amd64 libjack-jackd2-0 amd64 1.9.20~dfsg-1 [293 kB]
#10 69.17 Get:231 http://archive.ubuntu.com/ubuntu jammy/universe amd64 libopenal-data all 1:1.19.1-2build3 [164 kB]
#10 69.20 Get:232 http://archive.ubuntu.com/ubuntu jammy/universe amd64 libsndio7.0 amd64 1.8.1-1.1 [29.3 kB]
#10 69.21 Get:233 http://archive.ubuntu.com/ubuntu jammy/universe amd64 libopenal1 amd64 1:1.19.1-2build3 [535 kB]
#10 69.36 Get:234 http://archive.ubuntu.com/ubuntu jammy-updates/main amd64 libwayland-client0 amd64 1.20.0-1ubuntu0.1 [25.9 kB]
#10 69.37 Get:235 http://archive.ubuntu.com/ubuntu jammy/main amd64 libdecor-0-0 amd64 0.1.0-3build1 [15.1 kB]
#10 69.37 Get:236 http://archive.ubuntu.com/ubuntu jammy-updates/main amd64 libwayland-server0 amd64 1.20.0-1ubuntu0.1 [34.3 kB]
#10 69.38 Get:237 http://archive.ubuntu.com/ubuntu jammy-updates/main amd64 libgbm1 amd64 23.2.1-1ubuntu3.1~22.04.4 [33.7 kB]
#10 69.39 Get:238 http://archive.ubuntu.com/ubuntu jammy-updates/main amd64 libwayland-cursor0 amd64 1.20.0-1ubuntu0.1 [10.7 kB]
#10 69.39 Get:239 http://archive.ubuntu.com/ubuntu jammy-updates/main amd64 libwayland-egl1 amd64 1.20.0-1ubuntu0.1 [5582 B]
#10 69.39 Get:240 http://archive.ubuntu.com/ubuntu jammy/main amd64 libxcursor1 amd64 1:1.2.0-2build4 [20.9 kB]
#10 69.40 Get:241 http://archive.ubuntu.com/ubuntu jammy/main amd64 libxi6 amd64 2:1.8-1build1 [32.6 kB]
#10 69.41 Get:242 http://archive.ubuntu.com/ubuntu jammy/main amd64 libxinerama1 amd64 2:1.1.4-3 [7382 B]
#10 69.48 Get:243 http://archive.ubuntu.com/ubuntu jammy/main amd64 libxkbcommon0 amd64 1.4.0-1 [125 kB]
#10 69.51 Get:244 http://archive.ubuntu.com/ubuntu jammy/main amd64 libxrandr2 amd64 2:1.5.2-1build1 [20.4 kB]
#10 69.52 Get:245 http://archive.ubuntu.com/ubuntu jammy/main amd64 x11-common all 1:7.7+23ubuntu2 [23.4 kB]
#10 69.53 Get:246 http://archive.ubuntu.com/ubuntu jammy/main amd64 libxss1 amd64 1:1.2.3-1build2 [8476 B]
#10 69.53 Get:247 http://archive.ubuntu.com/ubuntu jammy-updates/main amd64 libsdl2-2.0-0 amd64 2.0.20+dfsg-2ubuntu1.22.04.1 [582 kB]
#10 69.71 Get:248 http://archive.ubuntu.com/ubuntu jammy/main amd64 libxcb-shape0 amd64 1.14-3ubuntu3 [6158 B]
#10 69.71 Get:249 http://archive.ubuntu.com/ubuntu jammy/main amd64 libxv1 amd64 2:1.0.11-1build2 [11.2 kB]
#10 69.71 Get:250 http://archive.ubuntu.com/ubuntu jammy-updates/universe amd64 libavdevice58 amd64 7:4.4.2-0ubuntu0.22.04.1 [87.5 kB]
#10 69.72 Get:251 http://archive.ubuntu.com/ubuntu jammy-updates/universe amd64 ffmpeg amd64 7:4.4.2-0ubuntu0.22.04.1 [1696 kB]
#10 70.19 Get:252 http://archive.ubuntu.com/ubuntu jammy/universe amd64 fswatch amd64 1.14.0+repack-13.1 [168 kB]
#10 70.22 Get:253 http://archive.ubuntu.com/ubuntu jammy-updates/main amd64 libcurl3-gnutls amd64 7.81.0-1ubuntu1.25 [284 kB]
#10 70.30 Get:254 http://archive.ubuntu.com/ubuntu jammy/main amd64 liberror-perl all 0.17029-1 [26.5 kB]
#10 70.31 Get:255 http://archive.ubuntu.com/ubuntu jammy-updates/main amd64 git-man all 1:2.34.1-1ubuntu1.17 [954 kB]
#10 70.63 Get:256 http://archive.ubuntu.com/ubuntu jammy-updates/main amd64 git amd64 1:2.34.1-1ubuntu1.17 [3174 kB]
#10 71.59 Get:257 http://archive.ubuntu.com/ubuntu jammy-updates/main amd64 gnupg-l10n all 2.2.27-3ubuntu2.5 [54.5 kB]
#10 71.60 Get:258 http://archive.ubuntu.com/ubuntu jammy-updates/main amd64 gnupg-utils amd64 2.2.27-3ubuntu2.5 [309 kB]
#10 71.69 Get:259 http://archive.ubuntu.com/ubuntu jammy-updates/main amd64 gpg amd64 2.2.27-3ubuntu2.5 [519 kB]
#10 71.87 Get:260 http://archive.ubuntu.com/ubuntu jammy/main amd64 pinentry-curses amd64 1.1.1-1build2 [34.4 kB]
#10 71.87 Get:261 http://archive.ubuntu.com/ubuntu jammy-updates/main amd64 gpg-agent amd64 2.2.27-3ubuntu2.5 [209 kB]
#10 71.98 Get:262 http://archive.ubuntu.com/ubuntu jammy-updates/main amd64 gpg-wks-client amd64 2.2.27-3ubuntu2.5 [62.7 kB]
#10 72.00 Get:263 http://archive.ubuntu.com/ubuntu jammy-updates/main amd64 gpg-wks-server amd64 2.2.27-3ubuntu2.5 [57.6 kB]
#10 72.01 Get:264 http://archive.ubuntu.com/ubuntu jammy-updates/main amd64 gpgsm amd64 2.2.27-3ubuntu2.5 [197 kB]
#10 72.09 Get:265 http://archive.ubuntu.com/ubuntu jammy-updates/main amd64 gnupg all 2.2.27-3ubuntu2.5 [315 kB]
#10 72.18 Get:266 http://archive.ubuntu.com/ubuntu jammy/universe amd64 libigdgmm12 amd64 22.1.2+ds1-1 [139 kB]
#10 72.23 Get:267 http://archive.ubuntu.com/ubuntu jammy-updates/universe amd64 intel-media-va-driver amd64 22.3.1+dfsg1-1ubuntu2 [2283 kB]
#10 72.88 Get:268 http://archive.ubuntu.com/ubuntu jammy/universe amd64 libaacs0 amd64 0.11.1-1 [64.1 kB]
#10 72.91 Get:269 http://archive.ubuntu.com/ubuntu jammy/universe amd64 libbdplus0 amd64 0.2.0-1 [52.2 kB]
#10 72.91 Get:270 http://archive.ubuntu.com/ubuntu jammy-updates/main amd64 libc-dev-bin amd64 2.35-0ubuntu3.14 [20.3 kB]
#10 72.92 Get:271 http://archive.ubuntu.com/ubuntu jammy-updates/main amd64 libxpm4 amd64 1:3.5.12-1ubuntu0.22.04.3 [36.5 kB]
#10 72.92 Get:272 http://archive.ubuntu.com/ubuntu jammy-updates/main amd64 libgd3 amd64 2.3.0-2ubuntu2.3 [129 kB]
#10 72.98 Get:273 http://archive.ubuntu.com/ubuntu jammy-updates/main amd64 libc-devtools amd64 2.35-0ubuntu3.14 [29.0 kB]
#10 72.99 Get:274 http://archive.ubuntu.com/ubuntu jammy-updates/main amd64 linux-libc-dev amd64 5.15.0-187.197 [1361 kB]
#10 73.40 Get:275 http://archive.ubuntu.com/ubuntu jammy/main amd64 libcrypt-dev amd64 1:4.4.27-1 [112 kB]
#10 73.44 Get:276 http://archive.ubuntu.com/ubuntu jammy/main amd64 rpcsvc-proto amd64 1.4.2-0ubuntu6 [68.5 kB]
#10 73.46 Get:277 http://archive.ubuntu.com/ubuntu jammy-updates/main amd64 libtirpc-dev amd64 1.3.2-2ubuntu0.1 [192 kB]
#10 73.52 Get:278 http://archive.ubuntu.com/ubuntu jammy/main amd64 libnsl-dev amd64 1.3.0-2build2 [71.3 kB]
#10 73.54 Get:279 http://archive.ubuntu.com/ubuntu jammy-updates/main amd64 libc6-dev amd64 2.35-0ubuntu3.14 [2100 kB]
#10 74.18 Get:280 http://archive.ubuntu.com/ubuntu jammy/main amd64 libdecor-0-plugin-1-cairo amd64 0.1.0-3build1 [20.4 kB]
#10 74.18 Get:281 http://archive.ubuntu.com/ubuntu jammy-updates/main amd64 libgdk-pixbuf2.0-bin amd64 2.42.8+dfsg-1ubuntu0.5 [14.2 kB]
#10 74.18 Get:282 http://archive.ubuntu.com/ubuntu jammy-updates/main amd64 libgl1-amber-dri amd64 21.3.9-0ubuntu1~22.04.2 [4211 kB]
#10 75.31 Get:283 http://archive.ubuntu.com/ubuntu jammy-updates/main amd64 libldap-common all 2.5.20+dfsg-0ubuntu0.22.04.1 [16.4 kB]
#10 75.33 Get:284 http://archive.ubuntu.com/ubuntu jammy-updates/main amd64 zlib1g-dev amd64 1:1.2.11.dfsg-2ubuntu9.2 [164 kB]
#10 75.36 Get:285 http://archive.ubuntu.com/ubuntu jammy-updates/main amd64 libpng-dev amd64 1.6.37-3ubuntu0.5 [193 kB]
#10 75.42 Get:286 http://archive.ubuntu.com/ubuntu jammy-updates/main amd64 libpng-tools amd64 1.6.37-3ubuntu0.5 [28.7 kB]
#10 75.43 Get:287 http://archive.ubuntu.com/ubuntu jammy-updates/universe amd64 librsvg2-bin amd64 2.52.5+dfsg-3ubuntu0.2 [1871 kB]
#10 75.93 Get:288 http://archive.ubuntu.com/ubuntu jammy-updates/main amd64 librsvg2-common amd64 2.52.5+dfsg-3ubuntu0.2 [17.7 kB]
#10 75.93 Get:289 http://archive.ubuntu.com/ubuntu jammy-updates/main amd64 libsasl2-modules amd64 2.1.27+dfsg2-3ubuntu1.2 [68.8 kB]
#10 75.96 Get:290 http://archive.ubuntu.com/ubuntu jammy/main amd64 manpages-dev all 5.10-1ubuntu1 [2309 kB]
#10 76.61 Get:291 http://archive.ubuntu.com/ubuntu jammy-updates/universe amd64 mesa-va-drivers amd64 23.2.1-1ubuntu3.1~22.04.4 [4100 kB]
#10 77.88 Get:292 http://archive.ubuntu.com/ubuntu jammy-updates/main amd64 mesa-vdpau-drivers amd64 23.2.1-1ubuntu3.1~22.04.4 [3820 kB]
#10 78.96 Get:293 http://archive.ubuntu.com/ubuntu jammy/main amd64 patch amd64 2.7.6-7build2 [109 kB]
#10 78.98 Get:294 http://archive.ubuntu.com/ubuntu jammy-updates/main amd64 sqlite3 amd64 3.37.2-2ubuntu0.7 [769 kB]
#10 79.36 Get:295 http://archive.ubuntu.com/ubuntu jammy-updates/main amd64 unzip amd64 6.0-26ubuntu3.2 [175 kB]
#10 79.41 Get:296 http://archive.ubuntu.com/ubuntu jammy/universe amd64 i965-va-driver amd64 2.4.1+dfsg1-1 [302 kB]
#10 79.53 Get:297 http://archive.ubuntu.com/ubuntu jammy/universe amd64 va-driver-all amd64 2.14.0-1 [3984 B]
#10 79.53 Get:298 http://archive.ubuntu.com/ubuntu jammy/main amd64 vdpau-driver-all amd64 1.4-3build2 [4510 B]
#10 79.53 Get:299 http://archive.ubuntu.com/ubuntu jammy/main amd64 zip amd64 3.0-12build2 [176 kB]
#10 79.56 Get:300 http://archive.ubuntu.com/ubuntu jammy-updates/universe amd64 gosu amd64 1.14-1ubuntu0.1 [818 kB]
#10 79.84 Get:301 http://archive.ubuntu.com/ubuntu jammy/universe amd64 pocketsphinx-en-us all 0.8.0+real5prealpha+1-14ubuntu1 [27.6 MB]
#10 88.08 Get:225 http://archive.ubuntu.com/ubuntu jammy-updates/main amd64 libgl1-mesa-dri amd64 23.2.1-1ubuntu3.1~22.04.4 [8860 kB]
#10 90.92 debconf: delaying package configuration, since apt-utils is not installed
#10 90.94 Fetched 201 MB in 1min 1s (3299 kB/s)
#10 90.96 Selecting previously unselected package libpython3.10-minimal:amd64.
#10 90.96 (Reading database ... (Reading database ... 5%(Reading database ... 10%(Reading database ... 15%(Reading database ... 20%(Reading database ... 25%(Reading database ... 30%(Reading database ... 35%(Reading database ... 40%(Reading database ... 45%(Reading database ... 50%(Reading database ... 55%(Reading database ... 60%(Reading database ... 65%(Reading database ... 70%(Reading database ... 75%(Reading database ... 80%(Reading database ... 85%(Reading database ... 90%(Reading database ... 95%(Reading database ... 100%(Reading database ... 4393 files and directories currently installed.)
#10 90.99 Preparing to unpack .../libpython3.10-minimal_3.10.12-1~22.04.16_amd64.deb ...
#10 90.99 Unpacking libpython3.10-minimal:amd64 (3.10.12-1~22.04.16) ...
#10 91.08 Selecting previously unselected package libexpat1:amd64.
#10 91.08 Preparing to unpack .../libexpat1_2.4.7-1ubuntu0.7_amd64.deb ...
#10 91.08 Unpacking libexpat1:amd64 (2.4.7-1ubuntu0.7) ...
#10 91.11 Selecting previously unselected package python3.10-minimal.
#10 91.11 Preparing to unpack .../python3.10-minimal_3.10.12-1~22.04.16_amd64.deb ...
#10 91.12 Unpacking python3.10-minimal (3.10.12-1~22.04.16) ...
#10 91.17 Setting up libpython3.10-minimal:amd64 (3.10.12-1~22.04.16) ...
#10 91.19 Setting up libexpat1:amd64 (2.4.7-1ubuntu0.7) ...
#10 91.20 Setting up python3.10-minimal (3.10.12-1~22.04.16) ...
#10 91.54 Selecting previously unselected package python3-minimal.
#10 91.54 (Reading database ... (Reading database ... 5%(Reading database ... 10%(Reading database ... 15%(Reading database ... 20%(Reading database ... 25%(Reading database ... 30%(Reading database ... 35%(Reading database ... 40%(Reading database ... 45%(Reading database ... 50%(Reading database ... 55%(Reading database ... 60%(Reading database ... 65%(Reading database ... 70%(Reading database ... 75%(Reading database ... 80%(Reading database ... 85%(Reading database ... 90%(Reading database ... 95%(Reading database ... 100%(Reading database ... 4697 files and directories currently installed.)
#10 91.55 Preparing to unpack .../0-python3-minimal_3.10.6-1~22.04.1_amd64.deb ...
#10 91.55 Unpacking python3-minimal (3.10.6-1~22.04.1) ...
#10 91.58 Selecting previously unselected package media-types.
#10 91.58 Preparing to unpack .../1-media-types_7.0.0_all.deb ...
#10 91.58 Unpacking media-types (7.0.0) ...
#10 91.61 Selecting previously unselected package libmpdec3:amd64.
#10 91.61 Preparing to unpack .../2-libmpdec3_2.5.1-2build2_amd64.deb ...
#10 91.62 Unpacking libmpdec3:amd64 (2.5.1-2build2) ...
#10 91.64 Selecting previously unselected package readline-common.
#10 91.64 Preparing to unpack .../3-readline-common_8.1.2-1_all.deb ...
#10 91.65 Unpacking readline-common (8.1.2-1) ...
#10 91.67 Selecting previously unselected package libreadline8:amd64.
#10 91.68 Preparing to unpack .../4-libreadline8_8.1.2-1_amd64.deb ...
#10 91.68 Unpacking libreadline8:amd64 (8.1.2-1) ...
#10 91.71 Selecting previously unselected package libsqlite3-0:amd64.
#10 91.71 Preparing to unpack .../5-libsqlite3-0_3.37.2-2ubuntu0.7_amd64.deb ...
#10 91.71 Unpacking libsqlite3-0:amd64 (3.37.2-2ubuntu0.7) ...
#10 91.74 Selecting previously unselected package libpython3.10-stdlib:amd64.
#10 91.74 Preparing to unpack .../6-libpython3.10-stdlib_3.10.12-1~22.04.16_amd64.deb ...
#10 91.75 Unpacking libpython3.10-stdlib:amd64 (3.10.12-1~22.04.16) ...
#10 91.84 Selecting previously unselected package python3.10.
#10 91.84 Preparing to unpack .../7-python3.10_3.10.12-1~22.04.16_amd64.deb ...
#10 91.85 Unpacking python3.10 (3.10.12-1~22.04.16) ...
#10 91.87 Selecting previously unselected package libpython3-stdlib:amd64.
#10 91.87 Preparing to unpack .../8-libpython3-stdlib_3.10.6-1~22.04.1_amd64.deb ...
#10 91.88 Unpacking libpython3-stdlib:amd64 (3.10.6-1~22.04.1) ...
#10 91.90 Setting up python3-minimal (3.10.6-1~22.04.1) ...
#10 92.02 Selecting previously unselected package python3.
#10 92.02 (Reading database ... (Reading database ... 5%(Reading database ... 10%(Reading database ... 15%(Reading database ... 20%(Reading database ... 25%(Reading database ... 30%(Reading database ... 35%(Reading database ... 40%(Reading database ... 45%(Reading database ... 50%(Reading database ... 55%(Reading database ... 60%(Reading database ... 65%(Reading database ... 70%(Reading database ... 75%(Reading database ... 80%(Reading database ... 85%(Reading database ... 90%(Reading database ... 95%(Reading database ... 100%(Reading database ... 5127 files and directories currently installed.)
#10 92.02 Preparing to unpack .../00-python3_3.10.6-1~22.04.1_amd64.deb ...
#10 92.03 Unpacking python3 (3.10.6-1~22.04.1) ...
#10 92.06 Selecting previously unselected package perl-modules-5.34.
#10 92.06 Preparing to unpack .../01-perl-modules-5.34_5.34.0-3ubuntu1.7_all.deb ...
#10 92.06 Unpacking perl-modules-5.34 (5.34.0-3ubuntu1.7) ...
#10 92.36 Selecting previously unselected package libgdbm6:amd64.
#10 92.36 Preparing to unpack .../02-libgdbm6_1.23-1_amd64.deb ...
#10 92.36 Unpacking libgdbm6:amd64 (1.23-1) ...
#10 92.39 Selecting previously unselected package libgdbm-compat4:amd64.
#10 92.39 Preparing to unpack .../03-libgdbm-compat4_1.23-1_amd64.deb ...
#10 92.39 Unpacking libgdbm-compat4:amd64 (1.23-1) ...
#10 92.42 Selecting previously unselected package libperl5.34:amd64.
#10 92.42 Preparing to unpack .../04-libperl5.34_5.34.0-3ubuntu1.7_amd64.deb ...
#10 92.43 Unpacking libperl5.34:amd64 (5.34.0-3ubuntu1.7) ...
#10 92.63 Selecting previously unselected package perl.
#10 92.63 Preparing to unpack .../05-perl_5.34.0-3ubuntu1.7_amd64.deb ...
#10 92.64 Unpacking perl (5.34.0-3ubuntu1.7) ...
#10 92.67 Selecting previously unselected package libpython2.7-minimal:amd64.
#10 92.67 Preparing to unpack .../06-libpython2.7-minimal_2.7.18-13ubuntu1.5_amd64.deb ...
#10 92.68 Unpacking libpython2.7-minimal:amd64 (2.7.18-13ubuntu1.5) ...
#10 92.74 Selecting previously unselected package python2.7-minimal.
#10 92.74 Preparing to unpack .../07-python2.7-minimal_2.7.18-13ubuntu1.5_amd64.deb ...
#10 92.74 Unpacking python2.7-minimal (2.7.18-13ubuntu1.5) ...
#10 92.78 Selecting previously unselected package python2-minimal.
#10 92.78 Preparing to unpack .../08-python2-minimal_2.7.18-3_amd64.deb ...
#10 92.79 Unpacking python2-minimal (2.7.18-3) ...
#10 92.81 Selecting previously unselected package libpython2.7-stdlib:amd64.
#10 92.81 Preparing to unpack .../09-libpython2.7-stdlib_2.7.18-13ubuntu1.5_amd64.deb ...
#10 92.82 Unpacking libpython2.7-stdlib:amd64 (2.7.18-13ubuntu1.5) ...
#10 92.93 Selecting previously unselected package python2.7.
#10 92.94 Preparing to unpack .../10-python2.7_2.7.18-13ubuntu1.5_amd64.deb ...
#10 92.94 Unpacking python2.7 (2.7.18-13ubuntu1.5) ...
#10 92.96 Selecting previously unselected package libpython2-stdlib:amd64.
#10 92.96 Preparing to unpack .../11-libpython2-stdlib_2.7.18-3_amd64.deb ...
#10 92.97 Unpacking libpython2-stdlib:amd64 (2.7.18-3) ...
#10 92.99 Setting up libpython2.7-minimal:amd64 (2.7.18-13ubuntu1.5) ...
#10 93.01 Setting up python2.7-minimal (2.7.18-13ubuntu1.5) ...
#10 93.14 Setting up python2-minimal (2.7.18-3) ...
#10 93.26 Selecting previously unselected package python2.
#10 93.26 (Reading database ... (Reading database ... 5%(Reading database ... 10%(Reading database ... 15%(Reading database ... 20%(Reading database ... 25%(Reading database ... 30%(Reading database ... 35%(Reading database ... 40%(Reading database ... 45%(Reading database ... 50%(Reading database ... 55%(Reading database ... 60%(Reading database ... 65%(Reading database ... 70%(Reading database ... 75%(Reading database ... 80%(Reading database ... 85%(Reading database ... 90%(Reading database ... 95%(Reading database ... 100%(Reading database ... 7880 files and directories currently installed.)
#10 93.26 Preparing to unpack .../000-python2_2.7.18-3_amd64.deb ...
#10 93.27 Unpacking python2 (2.7.18-3) ...
#10 93.30 Selecting previously unselected package python3-pkg-resources.
#10 93.30 Preparing to unpack .../001-python3-pkg-resources_59.6.0-1.2ubuntu0.22.04.3_all.deb ...
#10 93.30 Unpacking python3-pkg-resources (59.6.0-1.2ubuntu0.22.04.3) ...
#10 93.33 Selecting previously unselected package supervisor.
#10 93.34 Preparing to unpack .../002-supervisor_4.2.1-1ubuntu1_all.deb ...
#10 93.34 Unpacking supervisor (4.2.1-1ubuntu1) ...
#10 93.39 Selecting previously unselected package openssl.
#10 93.39 Preparing to unpack .../003-openssl_3.0.2-0ubuntu1.26_amd64.deb ...
#10 93.40 Unpacking openssl (3.0.2-0ubuntu1.26) ...
#10 93.45 Selecting previously unselected package ca-certificates.
#10 93.45 Preparing to unpack .../004-ca-certificates_20260601~22.04.1_all.deb ...
#10 93.45 Unpacking ca-certificates (20260601~22.04.1) ...
#10 93.51 Selecting previously unselected package libapparmor1:amd64.
#10 93.51 Preparing to unpack .../005-libapparmor1_3.0.4-2ubuntu2.5_amd64.deb ...
#10 93.51 Unpacking libapparmor1:amd64 (3.0.4-2ubuntu2.5) ...
#10 93.54 Selecting previously unselected package libdbus-1-3:amd64.
#10 93.54 Preparing to unpack .../006-libdbus-1-3_1.12.20-2ubuntu4.1_amd64.deb ...
#10 93.54 Unpacking libdbus-1-3:amd64 (1.12.20-2ubuntu4.1) ...
#10 93.57 Selecting previously unselected package dbus.
#10 93.57 Preparing to unpack .../007-dbus_1.12.20-2ubuntu4.1_amd64.deb ...
#10 93.58 Unpacking dbus (1.12.20-2ubuntu4.1) ...
#10 93.63 Selecting previously unselected package less.
#10 93.63 Preparing to unpack .../008-less_590-1ubuntu0.22.04.3_amd64.deb ...
#10 93.63 Unpacking less (590-1ubuntu0.22.04.3) ...
#10 93.66 Selecting previously unselected package libmd0:amd64.
#10 93.66 Preparing to unpack .../009-libmd0_1.0.4-1build1_amd64.deb ...
#10 93.67 Unpacking libmd0:amd64 (1.0.4-1build1) ...
#10 93.70 Selecting previously unselected package libbsd0:amd64.
#10 93.70 Preparing to unpack .../010-libbsd0_0.11.5-1_amd64.deb ...
#10 93.70 Unpacking libbsd0:amd64 (0.11.5-1) ...
#10 93.72 Selecting previously unselected package libcap2-bin.
#10 93.72 Preparing to unpack .../011-libcap2-bin_1%3a2.44-1ubuntu0.22.04.3_amd64.deb ...
#10 93.73 Unpacking libcap2-bin (1:2.44-1ubuntu0.22.04.3) ...
#10 93.75 Selecting previously unselected package libelf1:amd64.
#10 93.75 Preparing to unpack .../012-libelf1_0.186-1ubuntu0.1_amd64.deb ...
#10 93.76 Unpacking libelf1:amd64 (0.186-1ubuntu0.1) ...
#10 93.79 Selecting previously unselected package libfribidi0:amd64.
#10 93.79 Preparing to unpack .../013-libfribidi0_1.0.8-2ubuntu3.1_amd64.deb ...
#10 93.79 Unpacking libfribidi0:amd64 (1.0.8-2ubuntu3.1) ...
#10 93.82 Selecting previously unselected package libglib2.0-0:amd64.
#10 93.82 Preparing to unpack .../014-libglib2.0-0_2.72.4-0ubuntu2.9_amd64.deb ...
#10 93.82 Unpacking libglib2.0-0:amd64 (2.72.4-0ubuntu2.9) ...
#10 93.87 Selecting previously unselected package libglib2.0-data.
#10 93.87 Preparing to unpack .../015-libglib2.0-data_2.72.4-0ubuntu2.9_all.deb ...
#10 93.87 Unpacking libglib2.0-data (2.72.4-0ubuntu2.9) ...
#10 93.89 Selecting previously unselected package libicu70:amd64.
#10 93.89 Preparing to unpack .../016-libicu70_70.1-2_amd64.deb ...
#10 93.90 Unpacking libicu70:amd64 (70.1-2) ...
#10 94.03 Selecting previously unselected package libjson-c5:amd64.
#10 94.03 Preparing to unpack .../017-libjson-c5_0.15-3~ubuntu1.22.04.2_amd64.deb ...
#10 94.03 Unpacking libjson-c5:amd64 (0.15-3~ubuntu1.22.04.2) ...
#10 94.06 Selecting previously unselected package libpam-cap:amd64.
#10 94.06 Preparing to unpack .../018-libpam-cap_1%3a2.44-1ubuntu0.22.04.3_amd64.deb ...
#10 94.07 Unpacking libpam-cap:amd64 (1:2.44-1ubuntu0.22.04.3) ...
#10 94.10 Selecting previously unselected package libslang2:amd64.
#10 94.10 Preparing to unpack .../019-libslang2_2.3.2-5build4_amd64.deb ...
#10 94.10 Unpacking libslang2:amd64 (2.3.2-5build4) ...
#10 94.13 Selecting previously unselected package libxml2:amd64.
#10 94.13 Preparing to unpack .../020-libxml2_2.9.13+dfsg-1ubuntu0.12_amd64.deb ...
#10 94.14 Unpacking libxml2:amd64 (2.9.13+dfsg-1ubuntu0.12) ...
#10 94.17 Selecting previously unselected package netbase.
#10 94.17 Preparing to unpack .../021-netbase_6.3_all.deb ...
#10 94.18 Unpacking netbase (6.3) ...
#10 94.20 Selecting previously unselected package shared-mime-info.
#10 94.20 Preparing to unpack .../022-shared-mime-info_2.1-2_amd64.deb ...
#10 94.21 Unpacking shared-mime-info (2.1-2) ...
#10 94.25 Selecting previously unselected package ucf.
#10 94.25 Preparing to unpack .../023-ucf_3.0043_all.deb ...
#10 94.25 Moving old data out of the way
#10 94.26 Unpacking ucf (3.0043) ...
#10 94.29 Selecting previously unselected package xdg-user-dirs.
#10 94.29 Preparing to unpack .../024-xdg-user-dirs_0.17-2ubuntu4_amd64.deb ...
#10 94.30 Unpacking xdg-user-dirs (0.17-2ubuntu4) ...
#10 94.40 Selecting previously unselected package xkb-data.
#10 94.40 Preparing to unpack .../025-xkb-data_2.33-1_all.deb ...
#10 94.40 Unpacking xkb-data (2.33-1) ...
#10 94.49 Selecting previously unselected package libedit2:amd64.
#10 94.49 Preparing to unpack .../026-libedit2_3.1-20210910-1build1_amd64.deb ...
#10 94.49 Unpacking libedit2:amd64 (3.1-20210910-1build1) ...
#10 94.52 Selecting previously unselected package liblmdb0:amd64.
#10 94.52 Preparing to unpack .../027-liblmdb0_0.9.24-1build2_amd64.deb ...
#10 94.52 Unpacking liblmdb0:amd64 (0.9.24-1build2) ...
#10 94.55 Selecting previously unselected package libmaxminddb0:amd64.
#10 94.55 Preparing to unpack .../028-libmaxminddb0_1.5.2-1build2_amd64.deb ...
#10 94.55 Unpacking libmaxminddb0:amd64 (1.5.2-1build2) ...
#10 94.58 Selecting previously unselected package libnghttp2-14:amd64.
#10 94.58 Preparing to unpack .../029-libnghttp2-14_1.43.0-1ubuntu0.4_amd64.deb ...
#10 94.59 Unpacking libnghttp2-14:amd64 (1.43.0-1ubuntu0.4) ...
#10 94.61 Selecting previously unselected package libuv1:amd64.
#10 94.61 Preparing to unpack .../030-libuv1_1.43.0-1ubuntu0.1_amd64.deb ...
#10 94.62 Unpacking libuv1:amd64 (1.43.0-1ubuntu0.1) ...
#10 94.64 Selecting previously unselected package bind9-libs:amd64.
#10 94.64 Preparing to unpack .../031-bind9-libs_1%3a9.18.39-0ubuntu0.22.04.4_amd64.deb ...
#10 94.65 Unpacking bind9-libs:amd64 (1:9.18.39-0ubuntu0.22.04.4) ...
#10 94.68 Selecting previously unselected package bind9-host.
#10 94.68 Preparing to unpack .../032-bind9-host_1%3a9.18.39-0ubuntu0.22.04.4_amd64.deb ...
#10 94.68 Unpacking bind9-host (1:9.18.39-0ubuntu0.22.04.4) ...
#10 94.71 Selecting previously unselected package bind9-dnsutils.
#10 94.71 Preparing to unpack .../033-bind9-dnsutils_1%3a9.18.39-0ubuntu0.22.04.4_amd64.deb ...
#10 94.71 Unpacking bind9-dnsutils (1:9.18.39-0ubuntu0.22.04.4) ...
#10 94.74 Selecting previously unselected package libcbor0.8:amd64.
#10 94.74 Preparing to unpack .../034-libcbor0.8_0.8.0-2ubuntu1_amd64.deb ...
#10 94.74 Unpacking libcbor0.8:amd64 (0.8.0-2ubuntu1) ...
#10 94.76 Selecting previously unselected package libdrm-common.
#10 94.76 Preparing to unpack .../035-libdrm-common_2.4.113-2~ubuntu0.22.04.1_all.deb ...
#10 94.77 Unpacking libdrm-common (2.4.113-2~ubuntu0.22.04.1) ...
#10 94.79 Selecting previously unselected package libdrm2:amd64.
#10 94.79 Preparing to unpack .../036-libdrm2_2.4.113-2~ubuntu0.22.04.1_amd64.deb ...
#10 94.80 Unpacking libdrm2:amd64 (2.4.113-2~ubuntu0.22.04.1) ...
#10 94.82 Selecting previously unselected package libfido2-1:amd64.
#10 94.82 Preparing to unpack .../037-libfido2-1_1.10.0-1_amd64.deb ...
#10 94.83 Unpacking libfido2-1:amd64 (1.10.0-1) ...
#10 94.86 Selecting previously unselected package libnuma1:amd64.
#10 94.86 Preparing to unpack .../038-libnuma1_2.0.14-3ubuntu2_amd64.deb ...
#10 94.86 Unpacking libnuma1:amd64 (2.0.14-3ubuntu2) ...
#10 94.89 Selecting previously unselected package libpng16-16:amd64.
#10 94.89 Preparing to unpack .../039-libpng16-16_1.6.37-3ubuntu0.5_amd64.deb ...
#10 94.89 Unpacking libpng16-16:amd64 (1.6.37-3ubuntu0.5) ...
#10 94.92 Selecting previously unselected package libpsl5:amd64.
#10 94.92 Preparing to unpack .../040-libpsl5_0.21.0-1.2build2_amd64.deb ...
#10 94.92 Unpacking libpsl5:amd64 (0.21.0-1.2build2) ...
#10 94.95 Selecting previously unselected package libusb-1.0-0:amd64.
#10 94.95 Preparing to unpack .../041-libusb-1.0-0_2%3a1.0.25-1ubuntu2_amd64.deb ...
#10 94.95 Unpacking libusb-1.0-0:amd64 (2:1.0.25-1ubuntu2) ...
#10 94.98 Selecting previously unselected package libxau6:amd64.
#10 94.98 Preparing to unpack .../042-libxau6_1%3a1.0.9-1build5_amd64.deb ...
#10 94.99 Unpacking libxau6:amd64 (1:1.0.9-1build5) ...
#10 95.01 Selecting previously unselected package libxdmcp6:amd64.
#10 95.01 Preparing to unpack .../043-libxdmcp6_1%3a1.1.3-0ubuntu5_amd64.deb ...
#10 95.01 Unpacking libxdmcp6:amd64 (1:1.1.3-0ubuntu5) ...
#10 95.04 Selecting previously unselected package libxcb1:amd64.
#10 95.04 Preparing to unpack .../044-libxcb1_1.14-3ubuntu3_amd64.deb ...
#10 95.05 Unpacking libxcb1:amd64 (1.14-3ubuntu3) ...
#10 95.07 Selecting previously unselected package libx11-data.
#10 95.07 Preparing to unpack .../045-libx11-data_2%3a1.7.5-1ubuntu0.3_all.deb ...
#10 95.07 Unpacking libx11-data (2:1.7.5-1ubuntu0.3) ...
#10 95.15 Selecting previously unselected package libx11-6:amd64.
#10 95.15 Preparing to unpack .../046-libx11-6_2%3a1.7.5-1ubuntu0.3_amd64.deb ...
#10 95.15 Unpacking libx11-6:amd64 (2:1.7.5-1ubuntu0.3) ...
#10 95.19 Selecting previously unselected package libxext6:amd64.
#10 95.19 Preparing to unpack .../047-libxext6_2%3a1.3.4-1build1_amd64.deb ...
#10 95.19 Unpacking libxext6:amd64 (2:1.3.4-1build1) ...
#10 95.22 Selecting previously unselected package libxmuu1:amd64.
#10 95.22 Preparing to unpack .../048-libxmuu1_2%3a1.1.3-3_amd64.deb ...
#10 95.22 Unpacking libxmuu1:amd64 (2:1.1.3-3) ...
#10 95.25 Selecting previously unselected package manpages.
#10 95.25 Preparing to unpack .../049-manpages_5.10-1ubuntu1_all.deb ...
#10 95.25 Unpacking manpages (5.10-1ubuntu1) ...
#10 95.34 Selecting previously unselected package openssh-client.
#10 95.34 Preparing to unpack .../050-openssh-client_1%3a8.9p1-3ubuntu0.16_amd64.deb ...
#10 95.35 Unpacking openssh-client (1:8.9p1-3ubuntu0.16) ...
#10 95.39 Selecting previously unselected package publicsuffix.
#10 95.39 Preparing to unpack .../051-publicsuffix_20211207.1025-1_all.deb ...
#10 95.39 Unpacking publicsuffix (20211207.1025-1) ...
#10 95.42 Selecting previously unselected package xauth.
#10 95.42 Preparing to unpack .../052-xauth_1%3a1.1-1build2_amd64.deb ...
#10 95.42 Unpacking xauth (1:1.1-1build2) ...
#10 95.44 Selecting previously unselected package alsa-topology-conf.
#10 95.44 Preparing to unpack .../053-alsa-topology-conf_1.2.5.1-2_all.deb ...
#10 95.45 Unpacking alsa-topology-conf (1.2.5.1-2) ...
#10 95.48 Selecting previously unselected package libasound2-data.
#10 95.48 Preparing to unpack .../054-libasound2-data_1.2.6.1-1ubuntu1.2_all.deb ...
#10 95.48 Unpacking libasound2-data (1.2.6.1-1ubuntu1.2) ...
#10 95.52 Selecting previously unselected package libasound2:amd64.
#10 95.52 Preparing to unpack .../055-libasound2_1.2.6.1-1ubuntu1.2_amd64.deb ...
#10 95.52 Unpacking libasound2:amd64 (1.2.6.1-1ubuntu1.2) ...
#10 95.55 Selecting previously unselected package alsa-ucm-conf.
#10 95.55 Preparing to unpack .../056-alsa-ucm-conf_1.2.6.3-1ubuntu1.12_all.deb ...
#10 95.55 Unpacking alsa-ucm-conf (1.2.6.3-1ubuntu1.12) ...
#10 95.68 Selecting previously unselected package libbrotli1:amd64.
#10 95.68 Preparing to unpack .../057-libbrotli1_1.0.9-2build6_amd64.deb ...
#10 95.69 Unpacking libbrotli1:amd64 (1.0.9-2build6) ...
#10 95.71 Selecting previously unselected package libsasl2-modules-db:amd64.
#10 95.71 Preparing to unpack .../058-libsasl2-modules-db_2.1.27+dfsg2-3ubuntu1.2_amd64.deb ...
#10 95.72 Unpacking libsasl2-modules-db:amd64 (2.1.27+dfsg2-3ubuntu1.2) ...
#10 95.74 Selecting previously unselected package libsasl2-2:amd64.
#10 95.74 Preparing to unpack .../059-libsasl2-2_2.1.27+dfsg2-3ubuntu1.2_amd64.deb ...
#10 95.75 Unpacking libsasl2-2:amd64 (2.1.27+dfsg2-3ubuntu1.2) ...
#10 95.77 Selecting previously unselected package libldap-2.5-0:amd64.
#10 95.78 Preparing to unpack .../060-libldap-2.5-0_2.5.20+dfsg-0ubuntu0.22.04.1_amd64.deb ...
#10 95.78 Unpacking libldap-2.5-0:amd64 (2.5.20+dfsg-0ubuntu0.22.04.1) ...
#10 95.81 Selecting previously unselected package librtmp1:amd64.
#10 95.81 Preparing to unpack .../061-librtmp1_2.4+20151223.gitfa8646d.1-2build4_amd64.deb ...
#10 95.81 Unpacking librtmp1:amd64 (2.4+20151223.gitfa8646d.1-2build4) ...
#10 95.84 Selecting previously unselected package libssh-4:amd64.
#10 95.84 Preparing to unpack .../062-libssh-4_0.9.6-2ubuntu0.22.04.7_amd64.deb ...
#10 95.84 Unpacking libssh-4:amd64 (0.9.6-2ubuntu0.22.04.7) ...
#10 95.87 Selecting previously unselected package libcurl4:amd64.
#10 95.87 Preparing to unpack .../063-libcurl4_7.81.0-1ubuntu1.25_amd64.deb ...
#10 95.87 Unpacking libcurl4:amd64 (7.81.0-1ubuntu1.25) ...
#10 95.90 Selecting previously unselected package curl.
#10 95.90 Preparing to unpack .../064-curl_7.81.0-1ubuntu1.25_amd64.deb ...
#10 95.90 Unpacking curl (7.81.0-1ubuntu1.25) ...
#10 95.93 Selecting previously unselected package libassuan0:amd64.
#10 95.93 Preparing to unpack .../065-libassuan0_2.5.5-1build1_amd64.deb ...
#10 95.94 Unpacking libassuan0:amd64 (2.5.5-1build1) ...
#10 95.96 Selecting previously unselected package gpgconf.
#10 95.96 Preparing to unpack .../066-gpgconf_2.2.27-3ubuntu2.5_amd64.deb ...
#10 95.96 Unpacking gpgconf (2.2.27-3ubuntu2.5) ...
#10 95.99 Selecting previously unselected package libksba8:amd64.
#10 95.99 Preparing to unpack .../067-libksba8_1.6.0-2ubuntu0.2_amd64.deb ...
#10 96.00 Unpacking libksba8:amd64 (1.6.0-2ubuntu0.2) ...
#10 96.02 Selecting previously unselected package libnpth0:amd64.
#10 96.03 Preparing to unpack .../068-libnpth0_1.6-3build2_amd64.deb ...
#10 96.03 Unpacking libnpth0:amd64 (1.6-3build2) ...
#10 96.06 Selecting previously unselected package dirmngr.
#10 96.06 Preparing to unpack .../069-dirmngr_2.2.27-3ubuntu2.5_amd64.deb ...
#10 96.07 Unpacking dirmngr (2.2.27-3ubuntu2.5) ...
#10 96.10 Selecting previously unselected package dnsutils.
#10 96.10 Preparing to unpack .../070-dnsutils_1%3a9.18.39-0ubuntu0.22.04.4_all.deb ...
#10 96.10 Unpacking dnsutils (1:9.18.39-0ubuntu0.22.04.4) ...
#10 96.13 Selecting previously unselected package libaom3:amd64.
#10 96.13 Preparing to unpack .../071-libaom3_3.3.0-1ubuntu0.1_amd64.deb ...
#10 96.13 Unpacking libaom3:amd64 (3.3.0-1ubuntu0.1) ...
#10 96.18 Selecting previously unselected package libva2:amd64.
#10 96.18 Preparing to unpack .../072-libva2_2.14.0-1_amd64.deb ...
#10 96.18 Unpacking libva2:amd64 (2.14.0-1) ...
#10 96.21 Selecting previously unselected package libmfx1:amd64.
#10 96.21 Preparing to unpack .../073-libmfx1_22.3.0-1_amd64.deb ...
#10 96.21 Unpacking libmfx1:amd64 (22.3.0-1) ...
#10 96.30 Selecting previously unselected package libva-drm2:amd64.
#10 96.31 Preparing to unpack .../074-libva-drm2_2.14.0-1_amd64.deb ...
#10 96.31 Unpacking libva-drm2:amd64 (2.14.0-1) ...
#10 96.34 Selecting previously unselected package libxfixes3:amd64.
#10 96.34 Preparing to unpack .../075-libxfixes3_1%3a6.0.0-1_amd64.deb ...
#10 96.34 Unpacking libxfixes3:amd64 (1:6.0.0-1) ...
#10 96.37 Selecting previously unselected package libva-x11-2:amd64.
#10 96.37 Preparing to unpack .../076-libva-x11-2_2.14.0-1_amd64.deb ...
#10 96.37 Unpacking libva-x11-2:amd64 (2.14.0-1) ...
#10 96.40 Selecting previously unselected package libvdpau1:amd64.
#10 96.40 Preparing to unpack .../077-libvdpau1_1.4-3build2_amd64.deb ...
#10 96.40 Unpacking libvdpau1:amd64 (1.4-3build2) ...
#10 96.43 Selecting previously unselected package ocl-icd-libopencl1:amd64.
#10 96.43 Preparing to unpack .../078-ocl-icd-libopencl1_2.2.14-3_amd64.deb ...
#10 96.43 Unpacking ocl-icd-libopencl1:amd64 (2.2.14-3) ...
#10 96.46 Selecting previously unselected package libavutil56:amd64.
#10 96.46 Preparing to unpack .../079-libavutil56_7%3a4.4.2-0ubuntu0.22.04.1_amd64.deb ...
#10 96.46 Unpacking libavutil56:amd64 (7:4.4.2-0ubuntu0.22.04.1) ...
#10 96.49 Selecting previously unselected package libfreetype6:amd64.
#10 96.49 Preparing to unpack .../080-libfreetype6_2.11.1+dfsg-1ubuntu0.3_amd64.deb ...
#10 96.50 Unpacking libfreetype6:amd64 (2.11.1+dfsg-1ubuntu0.3) ...
#10 96.53 Selecting previously unselected package fonts-dejavu-core.
#10 96.53 Preparing to unpack .../081-fonts-dejavu-core_2.37-2build1_all.deb ...
#10 96.53 Unpacking fonts-dejavu-core (2.37-2build1) ...
#10 96.62 Selecting previously unselected package fontconfig-config.
#10 96.62 Preparing to unpack .../082-fontconfig-config_2.13.1-4.2ubuntu5_all.deb ...
#10 96.62 Unpacking fontconfig-config (2.13.1-4.2ubuntu5) ...
#10 96.65 Selecting previously unselected package libfontconfig1:amd64.
#10 96.66 Preparing to unpack .../083-libfontconfig1_2.13.1-4.2ubuntu5_amd64.deb ...
#10 96.66 Unpacking libfontconfig1:amd64 (2.13.1-4.2ubuntu5) ...
#10 96.70 Selecting previously unselected package libpixman-1-0:amd64.
#10 96.70 Preparing to unpack .../084-libpixman-1-0_0.40.0-1ubuntu0.22.04.1_amd64.deb ...
#10 96.70 Unpacking libpixman-1-0:amd64 (0.40.0-1ubuntu0.22.04.1) ...
#10 96.73 Selecting previously unselected package libxcb-render0:amd64.
#10 96.73 Preparing to unpack .../085-libxcb-render0_1.14-3ubuntu3_amd64.deb ...
#10 96.73 Unpacking libxcb-render0:amd64 (1.14-3ubuntu3) ...
#10 96.76 Selecting previously unselected package libxcb-shm0:amd64.
#10 96.76 Preparing to unpack .../086-libxcb-shm0_1.14-3ubuntu3_amd64.deb ...
#10 96.77 Unpacking libxcb-shm0:amd64 (1.14-3ubuntu3) ...
#10 96.79 Selecting previously unselected package libxrender1:amd64.
#10 96.79 Preparing to unpack .../087-libxrender1_1%3a0.9.10-1build4_amd64.deb ...
#10 96.80 Unpacking libxrender1:amd64 (1:0.9.10-1build4) ...
#10 96.82 Selecting previously unselected package libcairo2:amd64.
#10 96.82 Preparing to unpack .../088-libcairo2_1.16.0-5ubuntu2.1_amd64.deb ...
#10 96.83 Unpacking libcairo2:amd64 (1.16.0-5ubuntu2.1) ...
#10 96.86 Selecting previously unselected package libcodec2-1.0:amd64.
#10 96.86 Preparing to unpack .../089-libcodec2-1.0_1.0.1-3_amd64.deb ...
#10 96.86 Unpacking libcodec2-1.0:amd64 (1.0.1-3) ...
#10 96.94 Selecting previously unselected package libdav1d5:amd64.
#10 96.94 Preparing to unpack .../090-libdav1d5_0.9.2-1_amd64.deb ...
#10 96.95 Unpacking libdav1d5:amd64 (0.9.2-1) ...
#10 96.98 Selecting previously unselected package libgsm1:amd64.
#10 96.98 Preparing to unpack .../091-libgsm1_1.0.19-1_amd64.deb ...
#10 96.99 Unpacking libgsm1:amd64 (1.0.19-1) ...
#10 97.01 Selecting previously unselected package libmp3lame0:amd64.
#10 97.01 Preparing to unpack .../092-libmp3lame0_3.100-3build2_amd64.deb ...
#10 97.02 Unpacking libmp3lame0:amd64 (3.100-3build2) ...
#10 97.05 Selecting previously unselected package libopenjp2-7:amd64.
#10 97.05 Preparing to unpack .../093-libopenjp2-7_2.4.0-6ubuntu0.5_amd64.deb ...
#10 97.05 Unpacking libopenjp2-7:amd64 (2.4.0-6ubuntu0.5) ...
#10 97.08 Selecting previously unselected package libopus0:amd64.
#10 97.08 Preparing to unpack .../094-libopus0_1.3.1-0.1build2_amd64.deb ...
#10 97.08 Unpacking libopus0:amd64 (1.3.1-0.1build2) ...
#10 97.11 Selecting previously unselected package libcairo-gobject2:amd64.
#10 97.11 Preparing to unpack .../095-libcairo-gobject2_1.16.0-5ubuntu2.1_amd64.deb ...
#10 97.12 Unpacking libcairo-gobject2:amd64 (1.16.0-5ubuntu2.1) ...
#10 97.14 Selecting previously unselected package libgdk-pixbuf2.0-common.
#10 97.14 Preparing to unpack .../096-libgdk-pixbuf2.0-common_2.42.8+dfsg-1ubuntu0.5_all.deb ...
#10 97.15 Unpacking libgdk-pixbuf2.0-common (2.42.8+dfsg-1ubuntu0.5) ...
#10 97.17 Selecting previously unselected package libjpeg-turbo8:amd64.
#10 97.17 Preparing to unpack .../097-libjpeg-turbo8_2.1.2-0ubuntu1_amd64.deb ...
#10 97.18 Unpacking libjpeg-turbo8:amd64 (2.1.2-0ubuntu1) ...
#10 97.20 Selecting previously unselected package libjpeg8:amd64.
#10 97.20 Preparing to unpack .../098-libjpeg8_8c-2ubuntu10_amd64.deb ...
#10 97.21 Unpacking libjpeg8:amd64 (8c-2ubuntu10) ...
#10 97.23 Selecting previously unselected package libdeflate0:amd64.
#10 97.23 Preparing to unpack .../099-libdeflate0_1.10-2_amd64.deb ...
#10 97.24 Unpacking libdeflate0:amd64 (1.10-2) ...
#10 97.27 Selecting previously unselected package libjbig0:amd64.
#10 97.27 Preparing to unpack .../100-libjbig0_2.1-3.1ubuntu0.22.04.1_amd64.deb ...
#10 97.27 Unpacking libjbig0:amd64 (2.1-3.1ubuntu0.22.04.1) ...
#10 97.30 Selecting previously unselected package libwebp7:amd64.
#10 97.30 Preparing to unpack .../101-libwebp7_1.2.2-2ubuntu0.22.04.2_amd64.deb ...
#10 97.30 Unpacking libwebp7:amd64 (1.2.2-2ubuntu0.22.04.2) ...
#10 97.33 Selecting previously unselected package libtiff5:amd64.
#10 97.33 Preparing to unpack .../102-libtiff5_4.3.0-6ubuntu0.13_amd64.deb ...
#10 97.34 Unpacking libtiff5:amd64 (4.3.0-6ubuntu0.13) ...
#10 97.37 Selecting previously unselected package libgdk-pixbuf-2.0-0:amd64.
#10 97.37 Preparing to unpack .../103-libgdk-pixbuf-2.0-0_2.42.8+dfsg-1ubuntu0.5_amd64.deb ...
#10 97.37 Unpacking libgdk-pixbuf-2.0-0:amd64 (2.42.8+dfsg-1ubuntu0.5) ...
#10 97.41 Selecting previously unselected package fontconfig.
#10 97.41 Preparing to unpack .../104-fontconfig_2.13.1-4.2ubuntu5_amd64.deb ...
#10 97.41 Unpacking fontconfig (2.13.1-4.2ubuntu5) ...
#10 97.45 Selecting previously unselected package libgraphite2-3:amd64.
#10 97.45 Preparing to unpack .../105-libgraphite2-3_1.3.14-1ubuntu0.1_amd64.deb ...
#10 97.45 Unpacking libgraphite2-3:amd64 (1.3.14-1ubuntu0.1) ...
#10 97.48 Selecting previously unselected package libharfbuzz0b:amd64.
#10 97.48 Preparing to unpack .../106-libharfbuzz0b_2.7.4-1ubuntu3.2_amd64.deb ...
#10 97.48 Unpacking libharfbuzz0b:amd64 (2.7.4-1ubuntu3.2) ...
#10 97.51 Selecting previously unselected package libthai-data.
#10 97.51 Preparing to unpack .../107-libthai-data_0.1.29-1build1_all.deb ...
#10 97.51 Unpacking libthai-data (0.1.29-1build1) ...
#10 97.54 Selecting previously unselected package libdatrie1:amd64.
#10 97.54 Preparing to unpack .../108-libdatrie1_0.2.13-2_amd64.deb ...
#10 97.55 Unpacking libdatrie1:amd64 (0.2.13-2) ...
#10 97.57 Selecting previously unselected package libthai0:amd64.
#10 97.57 Preparing to unpack .../109-libthai0_0.1.29-1build1_amd64.deb ...
#10 97.58 Unpacking libthai0:amd64 (0.1.29-1build1) ...
#10 97.60 Selecting previously unselected package libpango-1.0-0:amd64.
#10 97.61 Preparing to unpack .../110-libpango-1.0-0_1.50.6+ds-2ubuntu1_amd64.deb ...
#10 97.61 Unpacking libpango-1.0-0:amd64 (1.50.6+ds-2ubuntu1) ...
#10 97.64 Selecting previously unselected package libpangoft2-1.0-0:amd64.
#10 97.64 Preparing to unpack .../111-libpangoft2-1.0-0_1.50.6+ds-2ubuntu1_amd64.deb ...
#10 97.64 Unpacking libpangoft2-1.0-0:amd64 (1.50.6+ds-2ubuntu1) ...
#10 97.67 Selecting previously unselected package libpangocairo-1.0-0:amd64.
#10 97.67 Preparing to unpack .../112-libpangocairo-1.0-0_1.50.6+ds-2ubuntu1_amd64.deb ...
#10 97.67 Unpacking libpangocairo-1.0-0:amd64 (1.50.6+ds-2ubuntu1) ...
#10 97.71 Selecting previously unselected package librsvg2-2:amd64.
#10 97.71 Preparing to unpack .../113-librsvg2-2_2.52.5+dfsg-3ubuntu0.2_amd64.deb ...
#10 97.71 Unpacking librsvg2-2:amd64 (2.52.5+dfsg-3ubuntu0.2) ...
#10 97.77 Selecting previously unselected package libshine3:amd64.
#10 97.77 Preparing to unpack .../114-libshine3_3.1.1-2_amd64.deb ...
#10 97.78 Unpacking libshine3:amd64 (3.1.1-2) ...
#10 97.80 Selecting previously unselected package libsnappy1v5:amd64.
#10 97.80 Preparing to unpack .../115-libsnappy1v5_1.1.8-1build3_amd64.deb ...
#10 97.81 Unpacking libsnappy1v5:amd64 (1.1.8-1build3) ...
#10 97.83 Selecting previously unselected package libspeex1:amd64.
#10 97.84 Preparing to unpack .../116-libspeex1_1.2~rc1.2-1.1ubuntu3_amd64.deb ...
#10 97.84 Unpacking libspeex1:amd64 (1.2~rc1.2-1.1ubuntu3) ...
#10 97.87 Selecting previously unselected package libgomp1:amd64.
#10 97.87 Preparing to unpack .../117-libgomp1_12.3.0-1ubuntu1~22.04.3_amd64.deb ...
#10 97.87 Unpacking libgomp1:amd64 (12.3.0-1ubuntu1~22.04.3) ...
#10 97.90 Selecting previously unselected package libsoxr0:amd64.
#10 97.90 Preparing to unpack .../118-libsoxr0_0.1.3-4build2_amd64.deb ...
#10 97.90 Unpacking libsoxr0:amd64 (0.1.3-4build2) ...
#10 97.93 Selecting previously unselected package libswresample3:amd64.
#10 97.93 Preparing to unpack .../119-libswresample3_7%3a4.4.2-0ubuntu0.22.04.1_amd64.deb ...
#10 97.93 Unpacking libswresample3:amd64 (7:4.4.2-0ubuntu0.22.04.1) ...
#10 97.96 Selecting previously unselected package libogg0:amd64.
#10 97.96 Preparing to unpack .../120-libogg0_1.3.5-0ubuntu3_amd64.deb ...
#10 97.96 Unpacking libogg0:amd64 (1.3.5-0ubuntu3) ...
#10 97.99 Selecting previously unselected package libtheora0:amd64.
#10 97.99 Preparing to unpack .../121-libtheora0_1.1.1+dfsg.1-15ubuntu4_amd64.deb ...
#10 97.99 Unpacking libtheora0:amd64 (1.1.1+dfsg.1-15ubuntu4) ...
#10 98.02 Selecting previously unselected package libtwolame0:amd64.
#10 98.02 Preparing to unpack .../122-libtwolame0_0.4.0-2build2_amd64.deb ...
#10 98.03 Unpacking libtwolame0:amd64 (0.4.0-2build2) ...
#10 98.05 Selecting previously unselected package libvorbis0a:amd64.
#10 98.05 Preparing to unpack .../123-libvorbis0a_1.3.7-1build2_amd64.deb ...
#10 98.06 Unpacking libvorbis0a:amd64 (1.3.7-1build2) ...
#10 98.08 Selecting previously unselected package libvorbisenc2:amd64.
#10 98.08 Preparing to unpack .../124-libvorbisenc2_1.3.7-1build2_amd64.deb ...
#10 98.09 Unpacking libvorbisenc2:amd64 (1.3.7-1build2) ...
#10 98.12 Selecting previously unselected package libvpx7:amd64.
#10 98.12 Preparing to unpack .../125-libvpx7_1.11.0-2ubuntu2.5_amd64.deb ...
#10 98.12 Unpacking libvpx7:amd64 (1.11.0-2ubuntu2.5) ...
#10 98.16 Selecting previously unselected package libwebpmux3:amd64.
#10 98.16 Preparing to unpack .../126-libwebpmux3_1.2.2-2ubuntu0.22.04.2_amd64.deb ...
#10 98.16 Unpacking libwebpmux3:amd64 (1.2.2-2ubuntu0.22.04.2) ...
#10 98.19 Selecting previously unselected package libx264-163:amd64.
#10 98.19 Preparing to unpack .../127-libx264-163_2%3a0.163.3060+git5db6aa6-2build1_amd64.deb ...
#10 98.19 Unpacking libx264-163:amd64 (2:0.163.3060+git5db6aa6-2build1) ...
#10 98.22 Selecting previously unselected package libx265-199:amd64.
#10 98.22 Preparing to unpack .../128-libx265-199_3.5-2_amd64.deb ...
#10 98.23 Unpacking libx265-199:amd64 (3.5-2) ...
#10 98.29 Selecting previously unselected package libxvidcore4:amd64.
#10 98.29 Preparing to unpack .../129-libxvidcore4_2%3a1.3.7-1_amd64.deb ...
#10 98.30 Unpacking libxvidcore4:amd64 (2:1.3.7-1) ...
#10 98.33 Selecting previously unselected package libzvbi-common.
#10 98.33 Preparing to unpack .../130-libzvbi-common_0.2.35-19_all.deb ...
#10 98.33 Unpacking libzvbi-common (0.2.35-19) ...
#10 98.36 Selecting previously unselected package libzvbi0:amd64.
#10 98.37 Preparing to unpack .../131-libzvbi0_0.2.35-19_amd64.deb ...
#10 98.37 Unpacking libzvbi0:amd64 (0.2.35-19) ...
#10 98.40 Selecting previously unselected package libavcodec58:amd64.
#10 98.40 Preparing to unpack .../132-libavcodec58_7%3a4.4.2-0ubuntu0.22.04.1_amd64.deb ...
#10 98.40 Unpacking libavcodec58:amd64 (7:4.4.2-0ubuntu0.22.04.1) ...
#10 98.47 Selecting previously unselected package libraw1394-11:amd64.
#10 98.47 Preparing to unpack .../133-libraw1394-11_2.1.2-2build2_amd64.deb ...
#10 98.48 Unpacking libraw1394-11:amd64 (2.1.2-2build2) ...
#10 98.50 Selecting previously unselected package libavc1394-0:amd64.
#10 98.50 Preparing to unpack .../134-libavc1394-0_0.5.4-5build2_amd64.deb ...
#10 98.51 Unpacking libavc1394-0:amd64 (0.5.4-5build2) ...
#10 98.53 Selecting previously unselected package libass9:amd64.
#10 98.54 Preparing to unpack .../135-libass9_1%3a0.15.2-1_amd64.deb ...
#10 98.54 Unpacking libass9:amd64 (1:0.15.2-1) ...
#10 98.57 Selecting previously unselected package libudfread0:amd64.
#10 98.57 Preparing to unpack .../136-libudfread0_1.1.2-1_amd64.deb ...
#10 98.57 Unpacking libudfread0:amd64 (1.1.2-1) ...
#10 98.60 Selecting previously unselected package libbluray2:amd64.
#10 98.60 Preparing to unpack .../137-libbluray2_1%3a1.3.1-1_amd64.deb ...
#10 98.60 Unpacking libbluray2:amd64 (1:1.3.1-1) ...
#10 98.63 Selecting previously unselected package libchromaprint1:amd64.
#10 98.63 Preparing to unpack .../138-libchromaprint1_1.5.1-2_amd64.deb ...
#10 98.63 Unpacking libchromaprint1:amd64 (1.5.1-2) ...
#10 98.66 Selecting previously unselected package libgme0:amd64.
#10 98.66 Preparing to unpack .../139-libgme0_0.6.3-2_amd64.deb ...
#10 98.67 Unpacking libgme0:amd64 (0.6.3-2) ...
#10 98.71 Selecting previously unselected package libmpg123-0:amd64.
#10 98.71 Preparing to unpack .../140-libmpg123-0_1.29.3-1ubuntu0.1_amd64.deb ...
#10 98.71 Unpacking libmpg123-0:amd64 (1.29.3-1ubuntu0.1) ...
#10 98.74 Selecting previously unselected package libvorbisfile3:amd64.
#10 98.74 Preparing to unpack .../141-libvorbisfile3_1.3.7-1build2_amd64.deb ...
#10 98.74 Unpacking libvorbisfile3:amd64 (1.3.7-1build2) ...
#10 98.77 Selecting previously unselected package libopenmpt0:amd64.
#10 98.77 Preparing to unpack .../142-libopenmpt0_0.6.1-1_amd64.deb ...
#10 98.78 Unpacking libopenmpt0:amd64 (0.6.1-1) ...
#10 98.81 Selecting previously unselected package librabbitmq4:amd64.
#10 98.81 Preparing to unpack .../143-librabbitmq4_0.10.0-1ubuntu2.1_amd64.deb ...
#10 98.81 Unpacking librabbitmq4:amd64 (0.10.0-1ubuntu2.1) ...
#10 98.84 Selecting previously unselected package libsrt1.4-gnutls:amd64.
#10 98.84 Preparing to unpack .../144-libsrt1.4-gnutls_1.4.4-4_amd64.deb ...
#10 98.84 Unpacking libsrt1.4-gnutls:amd64 (1.4.4-4) ...
#10 98.88 Selecting previously unselected package libssh-gcrypt-4:amd64.
#10 98.88 Preparing to unpack .../145-libssh-gcrypt-4_0.9.6-2ubuntu0.22.04.7_amd64.deb ...
#10 98.88 Unpacking libssh-gcrypt-4:amd64 (0.9.6-2ubuntu0.22.04.7) ...
#10 98.91 Selecting previously unselected package libnorm1:amd64.
#10 98.91 Preparing to unpack .../146-libnorm1_1.5.9+dfsg-2_amd64.deb ...
#10 98.91 Unpacking libnorm1:amd64 (1.5.9+dfsg-2) ...
#10 98.95 Selecting previously unselected package libpgm-5.3-0:amd64.
#10 98.95 Preparing to unpack .../147-libpgm-5.3-0_5.3.128~dfsg-2_amd64.deb ...
#10 98.96 Unpacking libpgm-5.3-0:amd64 (5.3.128~dfsg-2) ...
#10 99.00 Selecting previously unselected package libsodium23:amd64.
#10 99.00 Preparing to unpack .../148-libsodium23_1.0.18-1ubuntu0.22.04.1_amd64.deb ...
#10 99.00 Unpacking libsodium23:amd64 (1.0.18-1ubuntu0.22.04.1) ...
#10 99.03 Selecting previously unselected package libzmq5:amd64.
#10 99.03 Preparing to unpack .../149-libzmq5_4.3.4-2_amd64.deb ...
#10 99.03 Unpacking libzmq5:amd64 (4.3.4-2) ...
#10 99.06 Selecting previously unselected package libavformat58:amd64.
#10 99.06 Preparing to unpack .../150-libavformat58_7%3a4.4.2-0ubuntu0.22.04.1_amd64.deb ...
#10 99.07 Unpacking libavformat58:amd64 (7:4.4.2-0ubuntu0.22.04.1) ...
#10 99.10 Selecting previously unselected package libbs2b0:amd64.
#10 99.10 Preparing to unpack .../151-libbs2b0_3.1.0+dfsg-2.2build1_amd64.deb ...
#10 99.10 Unpacking libbs2b0:amd64 (3.1.0+dfsg-2.2build1) ...
#10 99.14 Selecting previously unselected package libflite1:amd64.
#10 99.14 Preparing to unpack .../152-libflite1_2.2-3_amd64.deb ...
#10 99.14 Unpacking libflite1:amd64 (2.2-3) ...
#10 99.25 Selecting previously unselected package libserd-0-0:amd64.
#10 99.25 Preparing to unpack .../153-libserd-0-0_0.30.10-2_amd64.deb ...
#10 99.26 Unpacking libserd-0-0:amd64 (0.30.10-2) ...
#10 99.29 Selecting previously unselected package libsord-0-0:amd64.
#10 99.29 Preparing to unpack .../154-libsord-0-0_0.16.8-2_amd64.deb ...
#10 99.29 Unpacking libsord-0-0:amd64 (0.16.8-2) ...
#10 99.32 Selecting previously unselected package libsratom-0-0:amd64.
#10 99.32 Preparing to unpack .../155-libsratom-0-0_0.6.8-1_amd64.deb ...
#10 99.32 Unpacking libsratom-0-0:amd64 (0.6.8-1) ...
#10 99.35 Selecting previously unselected package liblilv-0-0:amd64.
#10 99.35 Preparing to unpack .../156-liblilv-0-0_0.24.12-2_amd64.deb ...
#10 99.35 Unpacking liblilv-0-0:amd64 (0.24.12-2) ...
#10 99.38 Selecting previously unselected package libmysofa1:amd64.
#10 99.38 Preparing to unpack .../157-libmysofa1_1.2.1~dfsg0-1_amd64.deb ...
#10 99.39 Unpacking libmysofa1:amd64 (1.2.1~dfsg0-1) ...
#10 99.42 Selecting previously unselected package libblas3:amd64.
#10 99.42 Preparing to unpack .../158-libblas3_3.10.0-2ubuntu1_amd64.deb ...
#10 99.43 Unpacking libblas3:amd64 (3.10.0-2ubuntu1) ...
#10 99.46 Selecting previously unselected package libquadmath0:amd64.
#10 99.46 Preparing to unpack .../159-libquadmath0_12.3.0-1ubuntu1~22.04.3_amd64.deb ...
#10 99.46 Unpacking libquadmath0:amd64 (12.3.0-1ubuntu1~22.04.3) ...
#10 99.49 Selecting previously unselected package libgfortran5:amd64.
#10 99.49 Preparing to unpack .../160-libgfortran5_12.3.0-1ubuntu1~22.04.3_amd64.deb ...
#10 99.50 Unpacking libgfortran5:amd64 (12.3.0-1ubuntu1~22.04.3) ...
#10 99.54 Selecting previously unselected package liblapack3:amd64.
#10 99.54 Preparing to unpack .../161-liblapack3_3.10.0-2ubuntu1_amd64.deb ...
#10 99.54 Unpacking liblapack3:amd64 (3.10.0-2ubuntu1) ...
#10 99.60 Selecting previously unselected package libasyncns0:amd64.
#10 99.60 Preparing to unpack .../162-libasyncns0_0.8-6build2_amd64.deb ...
#10 99.60 Unpacking libasyncns0:amd64 (0.8-6build2) ...
#10 99.63 Selecting previously unselected package libflac8:amd64.
#10 99.63 Preparing to unpack .../163-libflac8_1.3.3-2ubuntu0.2_amd64.deb ...
#10 99.63 Unpacking libflac8:amd64 (1.3.3-2ubuntu0.2) ...
#10 99.66 Selecting previously unselected package libsndfile1:amd64.
#10 99.66 Preparing to unpack .../164-libsndfile1_1.0.31-2ubuntu0.2_amd64.deb ...
#10 99.66 Unpacking libsndfile1:amd64 (1.0.31-2ubuntu0.2) ...
#10 99.69 Selecting previously unselected package libx11-xcb1:amd64.
#10 99.69 Preparing to unpack .../165-libx11-xcb1_2%3a1.7.5-1ubuntu0.3_amd64.deb ...
#10 99.69 Unpacking libx11-xcb1:amd64 (2:1.7.5-1ubuntu0.3) ...
#10 99.73 Selecting previously unselected package libpulse0:amd64.
#10 99.73 Preparing to unpack .../166-libpulse0_1%3a15.99.1+dfsg1-1ubuntu2.2_amd64.deb ...
#10 99.74 Unpacking libpulse0:amd64 (1:15.99.1+dfsg1-1ubuntu2.2) ...
#10 99.77 Selecting previously unselected package libsphinxbase3:amd64.
#10 99.77 Preparing to unpack .../167-libsphinxbase3_0.8+5prealpha+1-13build1_amd64.deb ...
#10 99.79 Unpacking libsphinxbase3:amd64 (0.8+5prealpha+1-13build1) ...
#10 99.82 Selecting previously unselected package libpocketsphinx3:amd64.
#10 99.82 Preparing to unpack .../168-libpocketsphinx3_0.8.0+real5prealpha+1-14ubuntu1_amd64.deb ...
#10 99.82 Unpacking libpocketsphinx3:amd64 (0.8.0+real5prealpha+1-14ubuntu1) ...
#10 99.85 Selecting previously unselected package libpostproc55:amd64.
#10 99.85 Preparing to unpack .../169-libpostproc55_7%3a4.4.2-0ubuntu0.22.04.1_amd64.deb ...
#10 99.85 Unpacking libpostproc55:amd64 (7:4.4.2-0ubuntu0.22.04.1) ...
#10 99.88 Selecting previously unselected package libsamplerate0:amd64.
#10 99.89 Preparing to unpack .../170-libsamplerate0_0.2.2-1build1_amd64.deb ...
#10 99.89 Unpacking libsamplerate0:amd64 (0.2.2-1build1) ...
#10 99.92 Selecting previously unselected package librubberband2:amd64.
#10 99.92 Preparing to unpack .../171-librubberband2_2.0.0-2_amd64.deb ...
#10 99.93 Unpacking librubberband2:amd64 (2.0.0-2) ...
#10 99.95 Selecting previously unselected package libswscale5:amd64.
#10 99.96 Preparing to unpack .../172-libswscale5_7%3a4.4.2-0ubuntu0.22.04.1_amd64.deb ...
#10 99.96 Unpacking libswscale5:amd64 (7:4.4.2-0ubuntu0.22.04.1) ...
#10 99.99 Selecting previously unselected package libvidstab1.1:amd64.
#10 99.99 Preparing to unpack .../173-libvidstab1.1_1.1.0-2_amd64.deb ...
#10 99.99 Unpacking libvidstab1.1:amd64 (1.1.0-2) ...
#10 100.0 Selecting previously unselected package libzimg2:amd64.
#10 100.0 Preparing to unpack .../174-libzimg2_3.0.3+ds1-1_amd64.deb ...
#10 100.0 Unpacking libzimg2:amd64 (3.0.3+ds1-1) ...
#10 100.1 Selecting previously unselected package libavfilter7:amd64.
#10 100.1 Preparing to unpack .../175-libavfilter7_7%3a4.4.2-0ubuntu0.22.04.1_amd64.deb ...
#10 100.1 Unpacking libavfilter7:amd64 (7:4.4.2-0ubuntu0.22.04.1) ...
#10 100.1 Selecting previously unselected package libcaca0:amd64.
#10 100.1 Preparing to unpack .../176-libcaca0_0.99.beta19-2.2ubuntu4.2_amd64.deb ...
#10 100.1 Unpacking libcaca0:amd64 (0.99.beta19-2.2ubuntu4.2) ...
#10 100.1 Selecting previously unselected package libcdio19:amd64.
#10 100.1 Preparing to unpack .../177-libcdio19_2.1.0-3ubuntu0.2_amd64.deb ...
#10 100.1 Unpacking libcdio19:amd64 (2.1.0-3ubuntu0.2) ...
#10 100.2 Selecting previously unselected package libcdio-cdda2:amd64.
#10 100.2 Preparing to unpack .../178-libcdio-cdda2_10.2+2.0.0-1build3_amd64.deb ...
#10 100.2 Unpacking libcdio-cdda2:amd64 (10.2+2.0.0-1build3) ...
#10 100.2 Selecting previously unselected package libcdio-paranoia2:amd64.
#10 100.2 Preparing to unpack .../179-libcdio-paranoia2_10.2+2.0.0-1build3_amd64.deb ...
#10 100.2 Unpacking libcdio-paranoia2:amd64 (10.2+2.0.0-1build3) ...
#10 100.2 Selecting previously unselected package libdc1394-25:amd64.
#10 100.2 Preparing to unpack .../180-libdc1394-25_2.2.6-4_amd64.deb ...
#10 100.2 Unpacking libdc1394-25:amd64 (2.2.6-4) ...
#10 100.3 Selecting previously unselected package libglvnd0:amd64.
#10 100.3 Preparing to unpack .../181-libglvnd0_1.4.0-1_amd64.deb ...
#10 100.3 Unpacking libglvnd0:amd64 (1.4.0-1) ...
#10 100.3 Selecting previously unselected package libglapi-mesa:amd64.
#10 100.3 Preparing to unpack .../182-libglapi-mesa_23.2.1-1ubuntu3.1~22.04.4_amd64.deb ...
#10 100.3 Unpacking libglapi-mesa:amd64 (23.2.1-1ubuntu3.1~22.04.4) ...
#10 100.3 Selecting previously unselected package libxcb-dri2-0:amd64.
#10 100.3 Preparing to unpack .../183-libxcb-dri2-0_1.14-3ubuntu3_amd64.deb ...
#10 100.3 Unpacking libxcb-dri2-0:amd64 (1.14-3ubuntu3) ...
#10 100.4 Selecting previously unselected package libxcb-dri3-0:amd64.
#10 100.4 Preparing to unpack .../184-libxcb-dri3-0_1.14-3ubuntu3_amd64.deb ...
#10 100.4 Unpacking libxcb-dri3-0:amd64 (1.14-3ubuntu3) ...
#10 100.4 Selecting previously unselected package libxcb-glx0:amd64.
#10 100.4 Preparing to unpack .../185-libxcb-glx0_1.14-3ubuntu3_amd64.deb ...
#10 100.4 Unpacking libxcb-glx0:amd64 (1.14-3ubuntu3) ...
#10 100.4 Selecting previously unselected package libxcb-present0:amd64.
#10 100.4 Preparing to unpack .../186-libxcb-present0_1.14-3ubuntu3_amd64.deb ...
#10 100.4 Unpacking libxcb-present0:amd64 (1.14-3ubuntu3) ...
#10 100.5 Selecting previously unselected package libxcb-randr0:amd64.
#10 100.5 Preparing to unpack .../187-libxcb-randr0_1.14-3ubuntu3_amd64.deb ...
#10 100.5 Unpacking libxcb-randr0:amd64 (1.14-3ubuntu3) ...
#10 100.5 Selecting previously unselected package libxcb-sync1:amd64.
#10 100.5 Preparing to unpack .../188-libxcb-sync1_1.14-3ubuntu3_amd64.deb ...
#10 100.5 Unpacking libxcb-sync1:amd64 (1.14-3ubuntu3) ...
#10 100.5 Selecting previously unselected package libxcb-xfixes0:amd64.
#10 100.5 Preparing to unpack .../189-libxcb-xfixes0_1.14-3ubuntu3_amd64.deb ...
#10 100.5 Unpacking libxcb-xfixes0:amd64 (1.14-3ubuntu3) ...
#10 100.5 Selecting previously unselected package libxshmfence1:amd64.
#10 100.6 Preparing to unpack .../190-libxshmfence1_1.3-1build4_amd64.deb ...
#10 100.6 Unpacking libxshmfence1:amd64 (1.3-1build4) ...
#10 100.6 Selecting previously unselected package libxxf86vm1:amd64.
#10 100.6 Preparing to unpack .../191-libxxf86vm1_1%3a1.1.4-1build3_amd64.deb ...
#10 100.6 Unpacking libxxf86vm1:amd64 (1:1.1.4-1build3) ...
#10 100.6 Selecting previously unselected package libdrm-amdgpu1:amd64.
#10 100.6 Preparing to unpack .../192-libdrm-amdgpu1_2.4.113-2~ubuntu0.22.04.1_amd64.deb ...
#10 100.6 Unpacking libdrm-amdgpu1:amd64 (2.4.113-2~ubuntu0.22.04.1) ...
#10 100.6 Selecting previously unselected package libpciaccess0:amd64.
#10 100.6 Preparing to unpack .../193-libpciaccess0_0.16-3_amd64.deb ...
#10 100.6 Unpacking libpciaccess0:amd64 (0.16-3) ...
#10 100.7 Selecting previously unselected package libdrm-intel1:amd64.
#10 100.7 Preparing to unpack .../194-libdrm-intel1_2.4.113-2~ubuntu0.22.04.1_amd64.deb ...
#10 100.7 Unpacking libdrm-intel1:amd64 (2.4.113-2~ubuntu0.22.04.1) ...
#10 100.7 Selecting previously unselected package libdrm-nouveau2:amd64.
#10 100.7 Preparing to unpack .../195-libdrm-nouveau2_2.4.113-2~ubuntu0.22.04.1_amd64.deb ...
#10 100.7 Unpacking libdrm-nouveau2:amd64 (2.4.113-2~ubuntu0.22.04.1) ...
#10 100.7 Selecting previously unselected package libdrm-radeon1:amd64.
#10 100.7 Preparing to unpack .../196-libdrm-radeon1_2.4.113-2~ubuntu0.22.04.1_amd64.deb ...
#10 100.7 Unpacking libdrm-radeon1:amd64 (2.4.113-2~ubuntu0.22.04.1) ...
#10 100.8 Selecting previously unselected package libllvm15:amd64.
#10 100.8 Preparing to unpack .../197-libllvm15_1%3a15.0.7-0ubuntu0.22.04.3_amd64.deb ...
#10 100.8 Unpacking libllvm15:amd64 (1:15.0.7-0ubuntu0.22.04.3) ...
#10 101.1 Selecting previously unselected package libsensors-config.
#10 101.1 Preparing to unpack .../198-libsensors-config_1%3a3.6.0-7ubuntu1_all.deb ...
#10 101.1 Unpacking libsensors-config (1:3.6.0-7ubuntu1) ...
#10 101.1 Selecting previously unselected package libsensors5:amd64.
#10 101.1 Preparing to unpack .../199-libsensors5_1%3a3.6.0-7ubuntu1_amd64.deb ...
#10 101.2 Unpacking libsensors5:amd64 (1:3.6.0-7ubuntu1) ...
#10 101.2 Selecting previously unselected package libgl1-mesa-dri:amd64.
#10 101.2 Preparing to unpack .../200-libgl1-mesa-dri_23.2.1-1ubuntu3.1~22.04.4_amd64.deb ...
#10 101.2 Unpacking libgl1-mesa-dri:amd64 (23.2.1-1ubuntu3.1~22.04.4) ...
#10 101.3 Selecting previously unselected package libglx-mesa0:amd64.
#10 101.3 Preparing to unpack .../201-libglx-mesa0_23.2.1-1ubuntu3.1~22.04.4_amd64.deb ...
#10 101.3 Unpacking libglx-mesa0:amd64 (23.2.1-1ubuntu3.1~22.04.4) ...
#10 101.4 Selecting previously unselected package libglx0:amd64.
#10 101.4 Preparing to unpack .../202-libglx0_1.4.0-1_amd64.deb ...
#10 101.4 Unpacking libglx0:amd64 (1.4.0-1) ...
#10 101.4 Selecting previously unselected package libgl1:amd64.
#10 101.4 Preparing to unpack .../203-libgl1_1.4.0-1_amd64.deb ...
#10 101.4 Unpacking libgl1:amd64 (1.4.0-1) ...
#10 101.4 Selecting previously unselected package libiec61883-0:amd64.
#10 101.4 Preparing to unpack .../204-libiec61883-0_1.2.0-4build3_amd64.deb ...
#10 101.4 Unpacking libiec61883-0:amd64 (1.2.0-4build3) ...
#10 101.5 Selecting previously unselected package libjack-jackd2-0:amd64.
#10 101.5 Preparing to unpack .../205-libjack-jackd2-0_1.9.20~dfsg-1_amd64.deb ...
#10 101.5 Unpacking libjack-jackd2-0:amd64 (1.9.20~dfsg-1) ...
#10 101.5 Selecting previously unselected package libopenal-data.
#10 101.5 Preparing to unpack .../206-libopenal-data_1%3a1.19.1-2build3_all.deb ...
#10 101.5 Unpacking libopenal-data (1:1.19.1-2build3) ...
#10 101.5 Selecting previously unselected package libsndio7.0:amd64.
#10 101.5 Preparing to unpack .../207-libsndio7.0_1.8.1-1.1_amd64.deb ...
#10 101.5 Unpacking libsndio7.0:amd64 (1.8.1-1.1) ...
#10 101.6 Selecting previously unselected package libopenal1:amd64.
#10 101.6 Preparing to unpack .../208-libopenal1_1%3a1.19.1-2build3_amd64.deb ...
#10 101.6 Unpacking libopenal1:amd64 (1:1.19.1-2build3) ...
#10 101.6 Selecting previously unselected package libwayland-client0:amd64.
#10 101.6 Preparing to unpack .../209-libwayland-client0_1.20.0-1ubuntu0.1_amd64.deb ...
#10 101.6 Unpacking libwayland-client0:amd64 (1.20.0-1ubuntu0.1) ...
#10 101.6 Selecting previously unselected package libdecor-0-0:amd64.
#10 101.6 Preparing to unpack .../210-libdecor-0-0_0.1.0-3build1_amd64.deb ...
#10 101.6 Unpacking libdecor-0-0:amd64 (0.1.0-3build1) ...
#10 101.7 Selecting previously unselected package libwayland-server0:amd64.
#10 101.7 Preparing to unpack .../211-libwayland-server0_1.20.0-1ubuntu0.1_amd64.deb ...
#10 101.7 Unpacking libwayland-server0:amd64 (1.20.0-1ubuntu0.1) ...
#10 101.7 Selecting previously unselected package libgbm1:amd64.
#10 101.7 Preparing to unpack .../212-libgbm1_23.2.1-1ubuntu3.1~22.04.4_amd64.deb ...
#10 101.7 Unpacking libgbm1:amd64 (23.2.1-1ubuntu3.1~22.04.4) ...
#10 101.7 Selecting previously unselected package libwayland-cursor0:amd64.
#10 101.7 Preparing to unpack .../213-libwayland-cursor0_1.20.0-1ubuntu0.1_amd64.deb ...
#10 101.7 Unpacking libwayland-cursor0:amd64 (1.20.0-1ubuntu0.1) ...
#10 101.8 Selecting previously unselected package libwayland-egl1:amd64.
#10 101.8 Preparing to unpack .../214-libwayland-egl1_1.20.0-1ubuntu0.1_amd64.deb ...
#10 101.8 Unpacking libwayland-egl1:amd64 (1.20.0-1ubuntu0.1) ...
#10 101.8 Selecting previously unselected package libxcursor1:amd64.
#10 101.8 Preparing to unpack .../215-libxcursor1_1%3a1.2.0-2build4_amd64.deb ...
#10 101.8 Unpacking libxcursor1:amd64 (1:1.2.0-2build4) ...
#10 101.8 Selecting previously unselected package libxi6:amd64.
#10 101.8 Preparing to unpack .../216-libxi6_2%3a1.8-1build1_amd64.deb ...
#10 101.8 Unpacking libxi6:amd64 (2:1.8-1build1) ...
#10 101.9 Selecting previously unselected package libxinerama1:amd64.
#10 101.9 Preparing to unpack .../217-libxinerama1_2%3a1.1.4-3_amd64.deb ...
#10 101.9 Unpacking libxinerama1:amd64 (2:1.1.4-3) ...
#10 101.9 Selecting previously unselected package libxkbcommon0:amd64.
#10 101.9 Preparing to unpack .../218-libxkbcommon0_1.4.0-1_amd64.deb ...
#10 101.9 Unpacking libxkbcommon0:amd64 (1.4.0-1) ...
#10 101.9 Selecting previously unselected package libxrandr2:amd64.
#10 101.9 Preparing to unpack .../219-libxrandr2_2%3a1.5.2-1build1_amd64.deb ...
#10 101.9 Unpacking libxrandr2:amd64 (2:1.5.2-1build1) ...
#10 102.0 Selecting previously unselected package x11-common.
#10 102.0 Preparing to unpack .../220-x11-common_1%3a7.7+23ubuntu2_all.deb ...
#10 102.0 Unpacking x11-common (1:7.7+23ubuntu2) ...
#10 102.0 Selecting previously unselected package libxss1:amd64.
#10 102.0 Preparing to unpack .../221-libxss1_1%3a1.2.3-1build2_amd64.deb ...
#10 102.0 Unpacking libxss1:amd64 (1:1.2.3-1build2) ...
#10 102.0 Selecting previously unselected package libsdl2-2.0-0:amd64.
#10 102.0 Preparing to unpack .../222-libsdl2-2.0-0_2.0.20+dfsg-2ubuntu1.22.04.1_amd64.deb ...
#10 102.0 Unpacking libsdl2-2.0-0:amd64 (2.0.20+dfsg-2ubuntu1.22.04.1) ...
#10 102.1 Selecting previously unselected package libxcb-shape0:amd64.
#10 102.1 Preparing to unpack .../223-libxcb-shape0_1.14-3ubuntu3_amd64.deb ...
#10 102.1 Unpacking libxcb-shape0:amd64 (1.14-3ubuntu3) ...
#10 102.1 Selecting previously unselected package libxv1:amd64.
#10 102.1 Preparing to unpack .../224-libxv1_2%3a1.0.11-1build2_amd64.deb ...
#10 102.1 Unpacking libxv1:amd64 (2:1.0.11-1build2) ...
#10 102.1 Selecting previously unselected package libavdevice58:amd64.
#10 102.1 Preparing to unpack .../225-libavdevice58_7%3a4.4.2-0ubuntu0.22.04.1_amd64.deb ...
#10 102.1 Unpacking libavdevice58:amd64 (7:4.4.2-0ubuntu0.22.04.1) ...
#10 102.2 Selecting previously unselected package ffmpeg.
#10 102.2 Preparing to unpack .../226-ffmpeg_7%3a4.4.2-0ubuntu0.22.04.1_amd64.deb ...
#10 102.2 Unpacking ffmpeg (7:4.4.2-0ubuntu0.22.04.1) ...
#10 102.2 Selecting previously unselected package fswatch.
#10 102.2 Preparing to unpack .../227-fswatch_1.14.0+repack-13.1_amd64.deb ...
#10 102.2 Unpacking fswatch (1.14.0+repack-13.1) ...
#10 102.2 Selecting previously unselected package libcurl3-gnutls:amd64.
#10 102.2 Preparing to unpack .../228-libcurl3-gnutls_7.81.0-1ubuntu1.25_amd64.deb ...
#10 102.2 Unpacking libcurl3-gnutls:amd64 (7.81.0-1ubuntu1.25) ...
#10 102.3 Selecting previously unselected package liberror-perl.
#10 102.3 Preparing to unpack .../229-liberror-perl_0.17029-1_all.deb ...
#10 102.3 Unpacking liberror-perl (0.17029-1) ...
#10 102.3 Selecting previously unselected package git-man.
#10 102.3 Preparing to unpack .../230-git-man_1%3a2.34.1-1ubuntu1.17_all.deb ...
#10 102.3 Unpacking git-man (1:2.34.1-1ubuntu1.17) ...
#10 102.3 Selecting previously unselected package git.
#10 102.3 Preparing to unpack .../231-git_1%3a2.34.1-1ubuntu1.17_amd64.deb ...
#10 102.4 Unpacking git (1:2.34.1-1ubuntu1.17) ...
#10 102.5 Selecting previously unselected package gnupg-l10n.
#10 102.5 Preparing to unpack .../232-gnupg-l10n_2.2.27-3ubuntu2.5_all.deb ...
#10 102.5 Unpacking gnupg-l10n (2.2.27-3ubuntu2.5) ...
#10 102.5 Selecting previously unselected package gnupg-utils.
#10 102.5 Preparing to unpack .../233-gnupg-utils_2.2.27-3ubuntu2.5_amd64.deb ...
#10 102.5 Unpacking gnupg-utils (2.2.27-3ubuntu2.5) ...
#10 102.5 Selecting previously unselected package gpg.
#10 102.5 Preparing to unpack .../234-gpg_2.2.27-3ubuntu2.5_amd64.deb ...
#10 102.5 Unpacking gpg (2.2.27-3ubuntu2.5) ...
#10 102.6 Selecting previously unselected package pinentry-curses.
#10 102.6 Preparing to unpack .../235-pinentry-curses_1.1.1-1build2_amd64.deb ...
#10 102.6 Unpacking pinentry-curses (1.1.1-1build2) ...
#10 102.6 Selecting previously unselected package gpg-agent.
#10 102.6 Preparing to unpack .../236-gpg-agent_2.2.27-3ubuntu2.5_amd64.deb ...
#10 102.6 Unpacking gpg-agent (2.2.27-3ubuntu2.5) ...
#10 102.6 Selecting previously unselected package gpg-wks-client.
#10 102.6 Preparing to unpack .../237-gpg-wks-client_2.2.27-3ubuntu2.5_amd64.deb ...
#10 102.6 Unpacking gpg-wks-client (2.2.27-3ubuntu2.5) ...
#10 102.7 Selecting previously unselected package gpg-wks-server.
#10 102.7 Preparing to unpack .../238-gpg-wks-server_2.2.27-3ubuntu2.5_amd64.deb ...
#10 102.7 Unpacking gpg-wks-server (2.2.27-3ubuntu2.5) ...
#10 102.7 Selecting previously unselected package gpgsm.
#10 102.7 Preparing to unpack .../239-gpgsm_2.2.27-3ubuntu2.5_amd64.deb ...
#10 102.7 Unpacking gpgsm (2.2.27-3ubuntu2.5) ...
#10 102.7 Selecting previously unselected package gnupg.
#10 102.7 Preparing to unpack .../240-gnupg_2.2.27-3ubuntu2.5_all.deb ...
#10 102.7 Unpacking gnupg (2.2.27-3ubuntu2.5) ...
#10 102.8 Selecting previously unselected package libigdgmm12:amd64.
#10 102.8 Preparing to unpack .../241-libigdgmm12_22.1.2+ds1-1_amd64.deb ...
#10 102.8 Unpacking libigdgmm12:amd64 (22.1.2+ds1-1) ...
#10 102.8 Selecting previously unselected package intel-media-va-driver:amd64.
#10 102.8 Preparing to unpack .../242-intel-media-va-driver_22.3.1+dfsg1-1ubuntu2_amd64.deb ...
#10 102.8 Unpacking intel-media-va-driver:amd64 (22.3.1+dfsg1-1ubuntu2) ...
#10 102.8 Selecting previously unselected package libaacs0:amd64.
#10 102.8 Preparing to unpack .../243-libaacs0_0.11.1-1_amd64.deb ...
#10 102.8 Unpacking libaacs0:amd64 (0.11.1-1) ...
#10 102.9 Selecting previously unselected package libbdplus0:amd64.
#10 102.9 Preparing to unpack .../244-libbdplus0_0.2.0-1_amd64.deb ...
#10 102.9 Unpacking libbdplus0:amd64 (0.2.0-1) ...
#10 102.9 Selecting previously unselected package libc-dev-bin.
#10 102.9 Preparing to unpack .../245-libc-dev-bin_2.35-0ubuntu3.14_amd64.deb ...
#10 102.9 Unpacking libc-dev-bin (2.35-0ubuntu3.14) ...
#10 102.9 Selecting previously unselected package libxpm4:amd64.
#10 102.9 Preparing to unpack .../246-libxpm4_1%3a3.5.12-1ubuntu0.22.04.3_amd64.deb ...
#10 102.9 Unpacking libxpm4:amd64 (1:3.5.12-1ubuntu0.22.04.3) ...
#10 103.0 Selecting previously unselected package libgd3:amd64.
#10 103.0 Preparing to unpack .../247-libgd3_2.3.0-2ubuntu2.3_amd64.deb ...
#10 103.0 Unpacking libgd3:amd64 (2.3.0-2ubuntu2.3) ...
#10 103.0 Selecting previously unselected package libc-devtools.
#10 103.0 Preparing to unpack .../248-libc-devtools_2.35-0ubuntu3.14_amd64.deb ...
#10 103.0 Unpacking libc-devtools (2.35-0ubuntu3.14) ...
#10 103.0 Selecting previously unselected package linux-libc-dev:amd64.
#10 103.0 Preparing to unpack .../249-linux-libc-dev_5.15.0-187.197_amd64.deb ...
#10 103.0 Unpacking linux-libc-dev:amd64 (5.15.0-187.197) ...
#10 103.2 Selecting previously unselected package libcrypt-dev:amd64.
#10 103.2 Preparing to unpack .../250-libcrypt-dev_1%3a4.4.27-1_amd64.deb ...
#10 103.2 Unpacking libcrypt-dev:amd64 (1:4.4.27-1) ...
#10 103.2 Selecting previously unselected package rpcsvc-proto.
#10 103.2 Preparing to unpack .../251-rpcsvc-proto_1.4.2-0ubuntu6_amd64.deb ...
#10 103.2 Unpacking rpcsvc-proto (1.4.2-0ubuntu6) ...
#10 103.3 Selecting previously unselected package libtirpc-dev:amd64.
#10 103.3 Preparing to unpack .../252-libtirpc-dev_1.3.2-2ubuntu0.1_amd64.deb ...
#10 103.3 Unpacking libtirpc-dev:amd64 (1.3.2-2ubuntu0.1) ...
#10 103.3 Selecting previously unselected package libnsl-dev:amd64.
#10 103.3 Preparing to unpack .../253-libnsl-dev_1.3.0-2build2_amd64.deb ...
#10 103.3 Unpacking libnsl-dev:amd64 (1.3.0-2build2) ...
#10 103.3 Selecting previously unselected package libc6-dev:amd64.
#10 103.3 Preparing to unpack .../254-libc6-dev_2.35-0ubuntu3.14_amd64.deb ...
#10 103.3 Unpacking libc6-dev:amd64 (2.35-0ubuntu3.14) ...
#10 103.5 Selecting previously unselected package libdecor-0-plugin-1-cairo:amd64.
#10 103.5 Preparing to unpack .../255-libdecor-0-plugin-1-cairo_0.1.0-3build1_amd64.deb ...
#10 103.5 Unpacking libdecor-0-plugin-1-cairo:amd64 (0.1.0-3build1) ...
#10 103.5 Selecting previously unselected package libgdk-pixbuf2.0-bin.
#10 103.5 Preparing to unpack .../256-libgdk-pixbuf2.0-bin_2.42.8+dfsg-1ubuntu0.5_amd64.deb ...
#10 103.5 Unpacking libgdk-pixbuf2.0-bin (2.42.8+dfsg-1ubuntu0.5) ...
#10 103.5 Selecting previously unselected package libgl1-amber-dri:amd64.
#10 103.5 Preparing to unpack .../257-libgl1-amber-dri_21.3.9-0ubuntu1~22.04.2_amd64.deb ...
#10 103.5 Unpacking libgl1-amber-dri:amd64 (21.3.9-0ubuntu1~22.04.2) ...
#10 103.6 Selecting previously unselected package libldap-common.
#10 103.6 Preparing to unpack .../258-libldap-common_2.5.20+dfsg-0ubuntu0.22.04.1_all.deb ...
#10 103.6 Unpacking libldap-common (2.5.20+dfsg-0ubuntu0.22.04.1) ...
#10 103.6 Selecting previously unselected package zlib1g-dev:amd64.
#10 103.6 Preparing to unpack .../259-zlib1g-dev_1%3a1.2.11.dfsg-2ubuntu9.2_amd64.deb ...
#10 103.6 Unpacking zlib1g-dev:amd64 (1:1.2.11.dfsg-2ubuntu9.2) ...
#10 103.7 Selecting previously unselected package libpng-dev:amd64.
#10 103.7 Preparing to unpack .../260-libpng-dev_1.6.37-3ubuntu0.5_amd64.deb ...
#10 103.7 Unpacking libpng-dev:amd64 (1.6.37-3ubuntu0.5) ...
#10 103.7 Selecting previously unselected package libpng-tools.
#10 103.7 Preparing to unpack .../261-libpng-tools_1.6.37-3ubuntu0.5_amd64.deb ...
#10 103.7 Unpacking libpng-tools (1.6.37-3ubuntu0.5) ...
#10 103.7 Selecting previously unselected package librsvg2-bin.
#10 103.7 Preparing to unpack .../262-librsvg2-bin_2.52.5+dfsg-3ubuntu0.2_amd64.deb ...
#10 103.7 Unpacking librsvg2-bin (2.52.5+dfsg-3ubuntu0.2) ...
#10 103.8 Selecting previously unselected package librsvg2-common:amd64.
#10 103.8 Preparing to unpack .../263-librsvg2-common_2.52.5+dfsg-3ubuntu0.2_amd64.deb ...
#10 103.8 Unpacking librsvg2-common:amd64 (2.52.5+dfsg-3ubuntu0.2) ...
#10 103.8 Selecting previously unselected package libsasl2-modules:amd64.
#10 103.8 Preparing to unpack .../264-libsasl2-modules_2.1.27+dfsg2-3ubuntu1.2_amd64.deb ...
#10 103.8 Unpacking libsasl2-modules:amd64 (2.1.27+dfsg2-3ubuntu1.2) ...
#10 103.8 Selecting previously unselected package manpages-dev.
#10 103.8 Preparing to unpack .../265-manpages-dev_5.10-1ubuntu1_all.deb ...
#10 103.8 Unpacking manpages-dev (5.10-1ubuntu1) ...
#10 104.0 Selecting previously unselected package mesa-va-drivers:amd64.
#10 104.0 Preparing to unpack .../266-mesa-va-drivers_23.2.1-1ubuntu3.1~22.04.4_amd64.deb ...
#10 104.0 Unpacking mesa-va-drivers:amd64 (23.2.1-1ubuntu3.1~22.04.4) ...
#10 104.1 Selecting previously unselected package mesa-vdpau-drivers:amd64.
#10 104.1 Preparing to unpack .../267-mesa-vdpau-drivers_23.2.1-1ubuntu3.1~22.04.4_amd64.deb ...
#10 104.1 Unpacking mesa-vdpau-drivers:amd64 (23.2.1-1ubuntu3.1~22.04.4) ...
#10 104.2 Selecting previously unselected package patch.
#10 104.2 Preparing to unpack .../268-patch_2.7.6-7build2_amd64.deb ...
#10 104.2 Unpacking patch (2.7.6-7build2) ...
#10 104.2 Selecting previously unselected package sqlite3.
#10 104.2 Preparing to unpack .../269-sqlite3_3.37.2-2ubuntu0.7_amd64.deb ...
#10 104.2 Unpacking sqlite3 (3.37.2-2ubuntu0.7) ...
#10 104.2 Selecting previously unselected package unzip.
#10 104.2 Preparing to unpack .../270-unzip_6.0-26ubuntu3.2_amd64.deb ...
#10 104.2 Unpacking unzip (6.0-26ubuntu3.2) ...
#10 104.3 Selecting previously unselected package i965-va-driver:amd64.
#10 104.3 Preparing to unpack .../271-i965-va-driver_2.4.1+dfsg1-1_amd64.deb ...
#10 104.3 Unpacking i965-va-driver:amd64 (2.4.1+dfsg1-1) ...
#10 104.3 Selecting previously unselected package va-driver-all:amd64.
#10 104.3 Preparing to unpack .../272-va-driver-all_2.14.0-1_amd64.deb ...
#10 104.3 Unpacking va-driver-all:amd64 (2.14.0-1) ...
#10 104.3 Selecting previously unselected package vdpau-driver-all:amd64.
#10 104.3 Preparing to unpack .../273-vdpau-driver-all_1.4-3build2_amd64.deb ...
#10 104.3 Unpacking vdpau-driver-all:amd64 (1.4-3build2) ...
#10 104.4 Selecting previously unselected package zip.
#10 104.4 Preparing to unpack .../274-zip_3.0-12build2_amd64.deb ...
#10 104.4 Unpacking zip (3.0-12build2) ...
#10 104.4 Selecting previously unselected package gosu.
#10 104.4 Preparing to unpack .../275-gosu_1.14-1ubuntu0.1_amd64.deb ...
#10 104.4 Unpacking gosu (1.14-1ubuntu0.1) ...
#10 104.4 Selecting previously unselected package pocketsphinx-en-us.
#10 104.4 Preparing to unpack .../276-pocketsphinx-en-us_0.8.0+real5prealpha+1-14ubuntu1_all.deb ...
#10 104.4 Unpacking pocketsphinx-en-us (0.8.0+real5prealpha+1-14ubuntu1) ...
#10 104.6 Setting up libgme0:amd64 (0.6.3-2) ...
#10 104.6 Setting up libssh-gcrypt-4:amd64 (0.9.6-2ubuntu0.22.04.7) ...
#10 104.6 Setting up libksba8:amd64 (1.6.0-2ubuntu0.2) ...
#10 104.6 Setting up media-types (7.0.0) ...
#10 104.6 Setting up liblmdb0:amd64 (0.9.24-1build2) ...
#10 104.6 Setting up libgraphite2-3:amd64 (1.3.14-1ubuntu0.1) ...
#10 104.6 Setting up libsrt1.4-gnutls:amd64 (1.4.4-4) ...
#10 104.7 Setting up libpixman-1-0:amd64 (0.40.0-1ubuntu0.22.04.1) ...
#10 104.7 Setting up libudfread0:amd64 (1.1.2-1) ...
#10 104.7 Setting up libwayland-server0:amd64 (1.20.0-1ubuntu0.1) ...
#10 104.7 Setting up libaom3:amd64 (3.3.0-1ubuntu0.1) ...
#10 104.7 Setting up libpciaccess0:amd64 (0.16-3) ...
#10 104.7 Setting up librabbitmq4:amd64 (0.10.0-1ubuntu2.1) ...
#10 104.7 Setting up libxau6:amd64 (1:1.0.9-1build5) ...
#10 104.7 Setting up libraw1394-11:amd64 (2.1.2-2build2) ...
#10 104.7 Setting up libapparmor1:amd64 (3.0.4-2ubuntu2.5) ...
#10 104.7 Setting up libpsl5:amd64 (0.21.0-1.2build2) ...
#10 104.7 Setting up libcodec2-1.0:amd64 (1.0.1-3) ...
#10 104.8 Setting up libsodium23:amd64 (1.0.18-1ubuntu0.22.04.1) ...
#10 104.8 Setting up libmpg123-0:amd64 (1.29.3-1ubuntu0.1) ...
#10 104.8 Setting up libogg0:amd64 (1.3.5-0ubuntu3) ...
#10 104.8 Setting up libspeex1:amd64 (1.2~rc1.2-1.1ubuntu3) ...
#10 104.8 Setting up libshine3:amd64 (3.1.1-2) ...
#10 104.8 Setting up libtwolame0:amd64 (0.4.0-2build2) ...
#10 104.8 Setting up libdatrie1:amd64 (0.2.13-2) ...
#10 104.8 Setting up xdg-user-dirs (0.17-2ubuntu4) ...
#10 104.8 Setting up libgsm1:amd64 (1.0.19-1) ...
#10 104.9 Setting up libglib2.0-0:amd64 (2.72.4-0ubuntu2.9) ...
#10 104.9 No schema files found: doing nothing.
#10 104.9 Setting up manpages (5.10-1ubuntu1) ...
#10 104.9 Setting up libglvnd0:amd64 (1.4.0-1) ...
#10 104.9 Setting up libpgm-5.3-0:amd64 (5.3.128~dfsg-2) ...
#10 104.9 Setting up libmaxminddb0:amd64 (1.5.2-1build2) ...
#10 104.9 Setting up unzip (6.0-26ubuntu3.2) ...
#10 104.9 Setting up libcbor0.8:amd64 (0.8.0-2ubuntu1) ...
#10 104.9 Setting up libbrotli1:amd64 (1.0.9-2build6) ...
#10 104.9 Setting up libsqlite3-0:amd64 (3.37.2-2ubuntu0.7) ...
#10 105.0 Setting up libsasl2-modules:amd64 (2.1.27+dfsg2-3ubuntu1.2) ...
#10 105.0 Setting up libgdk-pixbuf2.0-common (2.42.8+dfsg-1ubuntu0.5) ...
#10 105.0 Setting up libnorm1:amd64 (1.5.9+dfsg-2) ...
#10 105.0 Setting up libmysofa1:amd64 (1.2.1~dfsg0-1) ...
#10 105.0 Setting up x11-common (1:7.7+23ubuntu2) ...
#10 105.1 invoke-rc.d: could not determine current runlevel
#10 105.1 invoke-rc.d: policy-rc.d denied execution of start.
#10 105.1 Setting up libsensors-config (1:3.6.0-7ubuntu1) ...
#10 105.1 Setting up libnghttp2-14:amd64 (1.43.0-1ubuntu0.4) ...
#10 105.1 Setting up libdeflate0:amd64 (1.10-2) ...
#10 105.1 Setting up less (590-1ubuntu0.22.04.3) ...
#10 105.2 Setting up linux-libc-dev:amd64 (5.15.0-187.197) ...
#10 105.2 Setting up xkb-data (2.33-1) ...
#10 105.2 Setting up libnpth0:amd64 (1.6-3build2) ...
#10 105.2 Setting up libigdgmm12:amd64 (22.1.2+ds1-1) ...
#10 105.2 Setting up libassuan0:amd64 (2.5.5-1build1) ...
#10 105.2 Setting up libgomp1:amd64 (12.3.0-1ubuntu1~22.04.3) ...
#10 105.2 Setting up libcdio19:amd64 (2.1.0-3ubuntu0.2) ...
#10 105.2 Setting up perl-modules-5.34 (5.34.0-3ubuntu1.7) ...
#10 105.2 Setting up libxvidcore4:amd64 (2:1.3.7-1) ...
#10 105.2 Setting up libldap-common (2.5.20+dfsg-0ubuntu0.22.04.1) ...
#10 105.3 Setting up libjbig0:amd64 (2.1-3.1ubuntu0.22.04.1) ...
#10 105.3 Setting up libsnappy1v5:amd64 (1.1.8-1build3) ...
#10 105.3 Setting up libflac8:amd64 (1.3.3-2ubuntu0.2) ...
#10 105.3 Setting up libsasl2-modules-db:amd64 (2.1.27+dfsg2-3ubuntu1.2) ...
#10 105.3 Setting up libcap2-bin (1:2.44-1ubuntu0.22.04.3) ...
#10 105.3 Setting up libasound2-data (1.2.6.1-1ubuntu1.2) ...
#10 105.3 Setting up zip (3.0-12build2) ...
#10 105.3 Setting up libblas3:amd64 (3.10.0-2ubuntu1) ...
#10 105.3 update-alternatives: using /usr/lib/x86_64-linux-gnu/blas/libblas.so.3 to provide /usr/lib/x86_64-linux-gnu/libblas.so.3 (libblas.so.3-x86_64-linux-gnu) in auto mode
#10 105.3 Setting up libglib2.0-data (2.72.4-0ubuntu2.9) ...
#10 105.3 Setting up libtirpc-dev:amd64 (1.3.2-2ubuntu0.1) ...
#10 105.4 Setting up libuv1:amd64 (1.43.0-1ubuntu0.1) ...
#10 105.4 Setting up rpcsvc-proto (1.4.2-0ubuntu6) ...
#10 105.4 Setting up libslang2:amd64 (2.3.2-5build4) ...
#10 105.4 Setting up libva2:amd64 (2.14.0-1) ...
#10 105.4 Setting up libx11-data (2:1.7.5-1ubuntu0.3) ...
#10 105.4 Setting up gnupg-l10n (2.2.27-3ubuntu2.5) ...
#10 105.4 Setting up librtmp1:amd64 (2.4+20151223.gitfa8646d.1-2build4) ...
#10 105.4 Setting up gosu (1.14-1ubuntu0.1) ...
#10 105.4 Setting up libx264-163:amd64 (2:0.163.3060+git5db6aa6-2build1) ...
#10 105.4 Setting up libdbus-1-3:amd64 (1.12.20-2ubuntu4.1) ...
#10 105.4 Setting up dbus (1.12.20-2ubuntu4.1) ...
#10 105.6 Setting up libfribidi0:amd64 (1.0.8-2ubuntu3.1) ...
#10 105.6 Setting up libopus0:amd64 (1.3.1-0.1build2) ...
#10 105.6 Setting up libquadmath0:amd64 (12.3.0-1ubuntu1~22.04.3) ...
#10 105.6 Setting up intel-media-va-driver:amd64 (22.3.1+dfsg1-1ubuntu2) ...
#10 105.6 Setting up libpng16-16:amd64 (1.6.37-3ubuntu0.5) ...
#10 105.6 Setting up libvorbis0a:amd64 (1.3.7-1build2) ...
#10 105.6 Setting up patch (2.7.6-7build2) ...
#10 105.6 Setting up fonts-dejavu-core (2.37-2build1) ...
#10 105.7 Setting up ucf (3.0043) ...
#10 105.7 Setting up libsensors5:amd64 (1:3.6.0-7ubuntu1) ...
#10 105.7 Setting up libaacs0:amd64 (0.11.1-1) ...
#10 105.8 Setting up libjpeg-turbo8:amd64 (2.1.2-0ubuntu1) ...
#10 105.8 Setting up pocketsphinx-en-us (0.8.0+real5prealpha+1-14ubuntu1) ...
#10 105.8 Setting up libglapi-mesa:amd64 (23.2.1-1ubuntu3.1~22.04.4) ...
#10 105.8 Setting up libsasl2-2:amd64 (2.1.27+dfsg2-3ubuntu1.2) ...
#10 105.8 Setting up libssh-4:amd64 (0.9.6-2ubuntu0.22.04.7) ...
#10 105.8 Setting up libgfortran5:amd64 (12.3.0-1ubuntu1~22.04.3) ...
#10 105.8 Setting up libwebp7:amd64 (1.2.2-2ubuntu0.22.04.2) ...
#10 105.8 Setting up libbdplus0:amd64 (0.2.0-1) ...
#10 105.8 Setting up libnuma1:amd64 (2.0.14-3ubuntu2) ...
#10 105.8 Setting up libvidstab1.1:amd64 (1.1.0-2) ...
#10 105.8 Setting up libmd0:amd64 (1.0.4-1build1) ...
#10 105.9 Setting up alsa-topology-conf (1.2.5.1-2) ...
#10 105.9 Setting up libnsl-dev:amd64 (1.3.0-2build2) ...
#10 105.9 Setting up ocl-icd-libopencl1:amd64 (2.2.14-3) ...
#10 105.9 Setting up libasyncns0:amd64 (0.8-6build2) ...
#10 105.9 Setting up libxshmfence1:amd64 (1.3-1build4) ...
#10 105.9 Setting up libcrypt-dev:amd64 (1:4.4.27-1) ...
#10 105.9 Setting up libbs2b0:amd64 (3.1.0+dfsg-2.2build1) ...
#10 105.9 Setting up libasound2:amd64 (1.2.6.1-1ubuntu1.2) ...
#10 105.9 Setting up libmpdec3:amd64 (2.5.1-2build2) ...
#10 105.9 Setting up libzimg2:amd64 (3.0.3+ds1-1) ...
#10 106.0 Setting up libopenjp2-7:amd64 (2.4.0-6ubuntu0.5) ...
#10 106.0 Setting up git-man (1:2.34.1-1ubuntu1.17) ...
#10 106.0 Setting up libopenal-data (1:1.19.1-2build3) ...
#10 106.0 Setting up libthai-data (0.1.29-1build1) ...
#10 106.0 Setting up netbase (6.3) ...
#10 106.0 Setting up libvpx7:amd64 (1.11.0-2ubuntu2.5) ...
#10 106.0 Setting up libwayland-egl1:amd64 (1.20.0-1ubuntu0.1) ...
#10 106.0 Setting up libusb-1.0-0:amd64 (2:1.0.25-1ubuntu2) ...
#10 106.0 Setting up fswatch (1.14.0+repack-13.1) ...
#10 106.1 Setting up libdav1d5:amd64 (0.9.2-1) ...
#10 106.1 Setting up libmfx1:amd64 (22.3.0-1) ...
#10 106.1 Setting up libfido2-1:amd64 (1.10.0-1) ...
#10 106.1 Setting up libc-dev-bin (2.35-0ubuntu3.14) ...
#10 106.1 Setting up libsamplerate0:amd64 (0.2.2-1build1) ...
#10 106.1 Setting up openssl (3.0.2-0ubuntu1.26) ...
#10 106.1 Setting up libwebpmux3:amd64 (1.2.2-2ubuntu0.22.04.2) ...
#10 106.1 Setting up libbsd0:amd64 (0.11.5-1) ...
#10 106.1 Setting up libdrm-common (2.4.113-2~ubuntu0.22.04.1) ...
#10 106.1 Setting up libelf1:amd64 (0.186-1ubuntu0.1) ...
#10 106.2 Setting up libpam-cap:amd64 (1:2.44-1ubuntu0.22.04.3) ...
#10 106.2 Setting up libjson-c5:amd64 (0.15-3~ubuntu1.22.04.2) ...
#10 106.2 Setting up readline-common (8.1.2-1) ...
#10 106.3 Setting up publicsuffix (20211207.1025-1) ...
#10 106.3 Setting up libzvbi-common (0.2.35-19) ...
#10 106.3 Setting up libmp3lame0:amd64 (3.100-3build2) ...
#10 106.3 Setting up libvorbisenc2:amd64 (1.3.7-1build2) ...
#10 106.3 Setting up libgdbm6:amd64 (1.23-1) ...
#10 106.3 Setting up libicu70:amd64 (70.1-2) ...
#10 106.3 Setting up libiec61883-0:amd64 (1.2.0-4build3) ...
#10 106.3 Setting up libserd-0-0:amd64 (0.30.10-2) ...
#10 106.3 Setting up libxkbcommon0:amd64 (1.4.0-1) ...
#10 106.3 Setting up libwayland-client0:amd64 (1.20.0-1ubuntu0.1) ...
#10 106.4 Setting up libjpeg8:amd64 (8c-2ubuntu10) ...
#10 106.4 Setting up pinentry-curses (1.1.1-1build2) ...
#10 106.4 Setting up libavc1394-0:amd64 (0.5.4-5build2) ...
#10 106.4 Setting up libzvbi0:amd64 (0.2.35-19) ...
#10 106.4 Setting up manpages-dev (5.10-1ubuntu1) ...
#10 106.4 Setting up libxdmcp6:amd64 (1:1.1.3-0ubuntu5) ...
#10 106.4 Setting up liblapack3:amd64 (3.10.0-2ubuntu1) ...
#10 106.4 update-alternatives: using /usr/lib/x86_64-linux-gnu/lapack/liblapack.so.3 to provide /usr/lib/x86_64-linux-gnu/liblapack.so.3 (liblapack.so.3-x86_64-linux-gnu) in auto mode
#10 106.4 Setting up libxcb1:amd64 (1.14-3ubuntu3) ...
#10 106.4 Setting up libxcb-xfixes0:amd64 (1.14-3ubuntu3) ...
#10 106.4 Setting up libzmq5:amd64 (4.3.4-2) ...
#10 106.5 Setting up libcaca0:amd64 (0.99.beta19-2.2ubuntu4.2) ...
#10 106.5 Setting up libpng-tools (1.6.37-3ubuntu0.5) ...
#10 106.5 Setting up alsa-ucm-conf (1.2.6.3-1ubuntu1.12) ...
#10 106.5 Setting up libxcb-render0:amd64 (1.14-3ubuntu3) ...
#10 106.5 Setting up libsoxr0:amd64 (0.1.3-4build2) ...
#10 106.5 Setting up libcdio-cdda2:amd64 (10.2+2.0.0-1build3) ...
#10 106.5 Setting up fontconfig-config (2.13.1-4.2ubuntu5) ...
#10 106.7 Setting up libcdio-paranoia2:amd64 (10.2+2.0.0-1build3) ...
#10 106.7 Setting up libxcb-glx0:amd64 (1.14-3ubuntu3) ...
#10 106.7 Setting up libedit2:amd64 (3.1-20210910-1build1) ...
#10 106.7 Setting up libreadline8:amd64 (8.1.2-1) ...
#10 106.7 Setting up libxcb-shape0:amd64 (1.14-3ubuntu3) ...
#10 106.7 Setting up libxcb-shm0:amd64 (1.14-3ubuntu3) ...
#10 106.7 Setting up libldap-2.5-0:amd64 (2.5.20+dfsg-0ubuntu0.22.04.1) ...
#10 106.7 Setting up libpython2.7-stdlib:amd64 (2.7.18-13ubuntu1.5) ...
#10 106.8 Setting up libxcb-present0:amd64 (1.14-3ubuntu3) ...
#10 106.8 Setting up libpython3.10-stdlib:amd64 (3.10.12-1~22.04.16) ...
#10 106.8 Setting up libthai0:amd64 (0.1.29-1build1) ...
#10 106.8 Setting up ca-certificates (20260601~22.04.1) ...
#10 107.2 Updating certificates in /etc/ssl/certs...
#10 107.7 121 added, 0 removed; done.
#10 107.7 Setting up libvorbisfile3:amd64 (1.3.7-1build2) ...
#10 107.8 Setting up libfreetype6:amd64 (2.11.1+dfsg-1ubuntu0.3) ...
#10 107.8 Setting up libxcb-sync1:amd64 (1.14-3ubuntu3) ...
#10 107.8 Setting up libdc1394-25:amd64 (2.2.6-4) ...
#10 107.8 Setting up libgdbm-compat4:amd64 (1.23-1) ...
#10 107.8 Setting up libx265-199:amd64 (3.5-2) ...
#10 107.8 Setting up librubberband2:amd64 (2.0.0-2) ...
#10 107.8 Setting up libsndio7.0:amd64 (1.8.1-1.1) ...
#10 107.8 Setting up libxcb-dri2-0:amd64 (1.14-3ubuntu3) ...
#10 107.8 Setting up libjack-jackd2-0:amd64 (1.9.20~dfsg-1) ...
#10 107.8 Setting up libdrm2:amd64 (2.4.113-2~ubuntu0.22.04.1) ...
#10 107.8 Setting up libflite1:amd64 (2.2-3) ...
#10 107.9 Setting up libva-drm2:amd64 (2.14.0-1) ...
#10 107.9 Setting up libsord-0-0:amd64 (0.16.8-2) ...
#10 107.9 Setting up libwayland-cursor0:amd64 (1.20.0-1ubuntu0.1) ...
#10 107.9 Setting up libxcb-randr0:amd64 (1.14-3ubuntu3) ...
#10 107.9 Setting up libsratom-0-0:amd64 (0.6.8-1) ...
#10 107.9 Setting up gpgconf (2.2.27-3ubuntu2.5) ...
#10 107.9 Setting up libdecor-0-0:amd64 (0.1.0-3build1) ...
#10 107.9 Setting up libcurl4:amd64 (7.81.0-1ubuntu1.25) ...
#10 107.9 Setting up libc6-dev:amd64 (2.35-0ubuntu3.14) ...
#10 107.9 Setting up libx11-6:amd64 (2:1.7.5-1ubuntu0.3) ...
#10 107.9 Setting up libharfbuzz0b:amd64 (2.7.4-1ubuntu3.2) ...
#10 108.0 Setting up libtiff5:amd64 (4.3.0-6ubuntu0.13) ...
#10 108.0 Setting up curl (7.81.0-1ubuntu1.25) ...
#10 108.0 Setting up libfontconfig1:amd64 (2.13.1-4.2ubuntu5) ...
#10 108.0 Setting up libsndfile1:amd64 (1.0.31-2ubuntu0.2) ...
#10 108.0 Setting up liblilv-0-0:amd64 (0.24.12-2) ...
#10 108.0 Setting up libxml2:amd64 (2.9.13+dfsg-1ubuntu0.12) ...
#10 108.0 Setting up libopenmpt0:amd64 (0.6.1-1) ...
#10 108.0 Setting up libxmuu1:amd64 (2:1.1.3-3) ...
#10 108.0 Setting up sqlite3 (3.37.2-2ubuntu0.7) ...
#10 108.0 Setting up gpg (2.2.27-3ubuntu2.5) ...
#10 108.1 Setting up libpython3-stdlib:amd64 (3.10.6-1~22.04.1) ...
#10 108.1 Setting up gnupg-utils (2.2.27-3ubuntu2.5) ...
#10 108.1 Setting up libdrm-amdgpu1:amd64 (2.4.113-2~ubuntu0.22.04.1) ...
#10 108.1 Setting up libxcb-dri3-0:amd64 (1.14-3ubuntu3) ...
#10 108.1 Setting up libx11-xcb1:amd64 (2:1.7.5-1ubuntu0.3) ...
#10 108.1 Setting up fontconfig (2.13.1-4.2ubuntu5) ...
#10 108.1 Regenerating fonts cache... done.
#10 110.1 Setting up libperl5.34:amd64 (5.34.0-3ubuntu1.7) ...
#10 110.1 Setting up libdrm-nouveau2:amd64 (2.4.113-2~ubuntu0.22.04.1) ...
#10 110.1 Setting up gpg-agent (2.2.27-3ubuntu2.5) ...
#10 110.4 Setting up python3.10 (3.10.12-1~22.04.16) ...
#10 110.7 Setting up libxpm4:amd64 (1:3.5.12-1ubuntu0.22.04.3) ...
#10 110.7 Setting up python2.7 (2.7.18-13ubuntu1.5) ...
#10 111.1 Setting up libxrender1:amd64 (1:0.9.10-1build4) ...
#10 111.1 Setting up bind9-libs:amd64 (1:9.18.39-0ubuntu0.22.04.4) ...
#10 111.1 Setting up libgbm1:amd64 (23.2.1-1ubuntu3.1~22.04.4) ...
#10 111.1 Setting up libpulse0:amd64 (1:15.99.1+dfsg1-1ubuntu2.2) ...
#10 111.1 Setting up libpython2-stdlib:amd64 (2.7.18-3) ...
#10 111.1 Setting up libdrm-radeon1:amd64 (2.4.113-2~ubuntu0.22.04.1) ...
#10 111.1 Setting up openssh-client (1:8.9p1-3ubuntu0.16) ...
#10 111.2 update-alternatives: using /usr/bin/ssh to provide /usr/bin/rsh (rsh) in auto mode
#10 111.2 update-alternatives: warning: skip creation of /usr/share/man/man1/rsh.1.gz because associated file /usr/share/man/man1/ssh.1.gz (of link group rsh) doesn't exist
#10 111.2 update-alternatives: using /usr/bin/slogin to provide /usr/bin/rlogin (rlogin) in auto mode
#10 111.2 update-alternatives: warning: skip creation of /usr/share/man/man1/rlogin.1.gz because associated file /usr/share/man/man1/slogin.1.gz (of link group rlogin) doesn't exist
#10 111.2 update-alternatives: using /usr/bin/scp to provide /usr/bin/rcp (rcp) in auto mode
#10 111.2 update-alternatives: warning: skip creation of /usr/share/man/man1/rcp.1.gz because associated file /usr/share/man/man1/scp.1.gz (of link group rcp) doesn't exist
#10 111.2 Setting up gpgsm (2.2.27-3ubuntu2.5) ...
#10 111.2 Setting up libpango-1.0-0:amd64 (1.50.6+ds-2ubuntu1) ...
#10 111.2 Setting up libdrm-intel1:amd64 (2.4.113-2~ubuntu0.22.04.1) ...
#10 111.2 Setting up libxext6:amd64 (2:1.3.4-1build1) ...
#10 111.2 Setting up libcurl3-gnutls:amd64 (7.81.0-1ubuntu1.25) ...
#10 111.2 Setting up python3 (3.10.6-1~22.04.1) ...
#10 111.3 Setting up libopenal1:amd64 (1:1.19.1-2build3) ...
#10 111.3 Setting up python2 (2.7.18-3) ...
#10 111.3 Setting up libcairo2:amd64 (1.16.0-5ubuntu2.1) ...
#10 111.3 Setting up libxxf86vm1:amd64 (1:1.1.4-1build3) ...
#10 111.3 Setting up dirmngr (2.2.27-3ubuntu2.5) ...
#10 111.4 Setting up perl (5.34.0-3ubuntu1.7) ...
#10 111.4 Setting up libass9:amd64 (1:0.15.2-1) ...
#10 111.4 Setting up libxfixes3:amd64 (1:6.0.0-1) ...
#10 111.4 Setting up shared-mime-info (2.1-2) ...
#10 112.9 Setting up libxinerama1:amd64 (2:1.1.4-3) ...
#10 112.9 Setting up libgd3:amd64 (2.3.0-2ubuntu2.3) ...
#10 113.0 Setting up libxv1:amd64 (2:1.0.11-1build2) ...
#10 113.0 Setting up libxrandr2:amd64 (2:1.5.2-1build1) ...
#10 113.0 Setting up gpg-wks-server (2.2.27-3ubuntu2.5) ...
#10 113.0 Setting up zlib1g-dev:amd64 (1:1.2.11.dfsg-2ubuntu9.2) ...
#10 113.0 Setting up xauth (1:1.1-1build2) ...
#10 113.0 Setting up libvdpau1:amd64 (1.4-3build2) ...
#10 113.0 Setting up libllvm15:amd64 (1:15.0.7-0ubuntu0.22.04.3) ...
#10 113.0 Setting up libtheora0:amd64 (1.1.1+dfsg.1-15ubuntu4) ...
#10 113.0 Setting up libgdk-pixbuf-2.0-0:amd64 (2.42.8+dfsg-1ubuntu0.5) ...
#10 113.1 Setting up libcairo-gobject2:amd64 (1.16.0-5ubuntu2.1) ...
#10 113.1 Setting up libxss1:amd64 (1:1.2.3-1build2) ...
#10 113.1 Setting up mesa-va-drivers:amd64 (23.2.1-1ubuntu3.1~22.04.4) ...
#10 113.1 Setting up libpangoft2-1.0-0:amd64 (1.50.6+ds-2ubuntu1) ...
#10 113.1 Setting up libbluray2:amd64 (1:1.3.1-1) ...
#10 113.1 Setting up libva-x11-2:amd64 (2.14.0-1) ...
#10 113.1 Setting up bind9-host (1:9.18.39-0ubuntu0.22.04.4) ...
#10 113.1 Setting up i965-va-driver:amd64 (2.4.1+dfsg1-1) ...
#10 113.1 Setting up libpangocairo-1.0-0:amd64 (1.50.6+ds-2ubuntu1) ...
#10 113.1 Setting up libc-devtools (2.35-0ubuntu3.14) ...
#10 113.2 Setting up python3-pkg-resources (59.6.0-1.2ubuntu0.22.04.3) ...
#10 113.3 Setting up libgl1-amber-dri:amd64 (21.3.9-0ubuntu1~22.04.2) ...
#10 113.3 Setting up mesa-vdpau-drivers:amd64 (23.2.1-1ubuntu3.1~22.04.4) ...
#10 113.3 Setting up supervisor (4.2.1-1ubuntu1) ...
#10 113.5 invoke-rc.d: could not determine current runlevel
#10 113.5 invoke-rc.d: policy-rc.d denied execution of start.
#10 113.6 Setting up libxi6:amd64 (2:1.8-1build1) ...
#10 113.6 Setting up gpg-wks-client (2.2.27-3ubuntu2.5) ...
#10 113.6 Setting up libsphinxbase3:amd64 (0.8+5prealpha+1-13build1) ...
#10 113.6 Setting up libxcursor1:amd64 (1:1.2.0-2build4) ...
#10 113.6 Setting up libgl1-mesa-dri:amd64 (23.2.1-1ubuntu3.1~22.04.4) ...
#10 113.6 Setting up libpng-dev:amd64 (1.6.37-3ubuntu0.5) ...
#10 113.6 Setting up libavutil56:amd64 (7:4.4.2-0ubuntu0.22.04.1) ...
#10 113.6 Setting up librsvg2-2:amd64 (2.52.5+dfsg-3ubuntu0.2) ...
#10 113.6 Setting up liberror-perl (0.17029-1) ...
#10 113.6 Setting up libpocketsphinx3:amd64 (0.8.0+real5prealpha+1-14ubuntu1) ...
#10 113.7 Setting up va-driver-all:amd64 (2.14.0-1) ...
#10 113.7 Setting up libdecor-0-plugin-1-cairo:amd64 (0.1.0-3build1) ...
#10 113.7 Setting up libpostproc55:amd64 (7:4.4.2-0ubuntu0.22.04.1) ...
#10 113.7 Setting up git (1:2.34.1-1ubuntu1.17) ...
#10 113.7 Setting up librsvg2-common:amd64 (2.52.5+dfsg-3ubuntu0.2) ...
#10 113.7 Setting up vdpau-driver-all:amd64 (1.4-3build2) ...
#10 113.7 Setting up libgdk-pixbuf2.0-bin (2.42.8+dfsg-1ubuntu0.5) ...
#10 113.7 Setting up gnupg (2.2.27-3ubuntu2.5) ...
#10 113.7 Setting up libswscale5:amd64 (7:4.4.2-0ubuntu0.22.04.1) ...
#10 113.8 Setting up bind9-dnsutils (1:9.18.39-0ubuntu0.22.04.4) ...
#10 113.8 Setting up libsdl2-2.0-0:amd64 (2.0.20+dfsg-2ubuntu1.22.04.1) ...
#10 113.8 Setting up librsvg2-bin (2.52.5+dfsg-3ubuntu0.2) ...
#10 113.8 Setting up libglx-mesa0:amd64 (23.2.1-1ubuntu3.1~22.04.4) ...
#10 113.8 Setting up libglx0:amd64 (1.4.0-1) ...
#10 113.8 Setting up dnsutils (1:9.18.39-0ubuntu0.22.04.4) ...
#10 113.8 Setting up libswresample3:amd64 (7:4.4.2-0ubuntu0.22.04.1) ...
#10 113.8 Setting up libgl1:amd64 (1.4.0-1) ...
#10 113.8 Setting up libavcodec58:amd64 (7:4.4.2-0ubuntu0.22.04.1) ...
#10 113.8 Setting up libchromaprint1:amd64 (1.5.1-2) ...
#10 113.8 Setting up libavformat58:amd64 (7:4.4.2-0ubuntu0.22.04.1) ...
#10 113.9 Setting up libavfilter7:amd64 (7:4.4.2-0ubuntu0.22.04.1) ...
#10 113.9 Setting up libavdevice58:amd64 (7:4.4.2-0ubuntu0.22.04.1) ...
#10 113.9 Setting up ffmpeg (7:4.4.2-0ubuntu0.22.04.1) ...
#10 113.9 Processing triggers for libc-bin (2.35-0ubuntu3.14) ...
#10 113.9 Processing triggers for ca-certificates (20260601~22.04.1) ...
#10 113.9 Updating certificates in /etc/ssl/certs...
#10 114.3 0 added, 0 removed; done.
#10 114.3 Running hooks in /etc/ca-certificates/update.d...
#10 114.3 done.
#10 114.3 Processing triggers for libgdk-pixbuf-2.0-0:amd64 (2.42.8+dfsg-1ubuntu0.5) ...
#10 114.7 Hit:1 http://security.ubuntu.com/ubuntu jammy-security InRelease
#10 114.8 Hit:2 http://archive.ubuntu.com/ubuntu jammy InRelease
#10 114.8 Hit:3 http://archive.ubuntu.com/ubuntu jammy-updates InRelease
#10 114.8 Hit:4 http://archive.ubuntu.com/ubuntu jammy-backports InRelease
#10 114.8 Get:5 https://ppa.launchpadcontent.net/ondrej/php/ubuntu jammy InRelease [24.6 kB]
#10 115.0 Get:6 https://ppa.launchpadcontent.net/ondrej/php/ubuntu jammy/main amd64 Packages [306 kB]
#10 115.2 Fetched 330 kB in 1s (554 kB/s)
#10 115.2 Reading package lists...
#10 115.7 Reading package lists...
#10 116.2 Building dependency tree...
#10 116.3 Reading state information...
#10 116.4 The following additional packages will be installed:
#10 116.4   autoconf automake autopoint autotools-dev binutils binutils-common
#10 116.4   binutils-x86-64-linux-gnu bsdextrautils build-essential bzip2 cpp cpp-11
#10 116.4   cron debhelper debugedit dh-autoreconf dh-strip-nondeterminism dpkg-dev dwz
#10 116.4   fakeroot file fonts-droid-fallback fonts-noto-mono fonts-urw-base35 g++
#10 116.4   g++-11 gcc gcc-11 gcc-11-base gettext gettext-base ghostscript groff-base
#10 116.4   gsfonts imagemagick-6-common intltool-debian libabsl20210324
#10 116.4   libalgorithm-diff-perl libalgorithm-diff-xs-perl libalgorithm-merge-perl
#10 116.4   libarchive-cpio-perl libarchive-zip-perl libargon2-1 libasan6 libatomic1
#10 116.4   libavahi-client3 libavahi-common-data libavahi-common3 libavif13 libbinutils
#10 116.4   libc-ares2 libc-client2007e libcc1-0 libctf-nobfd0 libctf0 libcups2
#10 116.4   libde265-0 libdebhelper-perl libdpkg-perl libdw1 libfakeroot
#10 116.4   libfftw3-double3 libfile-fcntllock-perl libfile-stripnondeterminism-perl
#10 116.4   libgav1-0 libgcc-11-dev libgd3 libgs9 libgs9-common libhashkit2 libheif1
#10 116.4   libidn12 libijs-0.35 libimagequant0 libisl23 libitm1 libjbig2dec0 liblcms2-2
#10 116.4   liblocale-gettext-perl liblqr-1-0 liblsan0 libltdl-dev libltdl7 libmagic-mgc
#10 116.4   libmagic1 libmagickcore-6.q16-6 libmagickwand-6.q16-6 libmail-sendmail-perl
#10 116.4   libmemcached11 libmpc3 libmpfr6 libonig5 libpaper-utils libpaper1
#10 116.4   libpcre2-16-0 libpcre2-32-0 libpcre2-8-0 libpcre2-dev libpcre2-posix3
#10 116.4   libpipeline1 libpq5 libsigsegv2 libssl-dev libstdc++-11-dev
#10 116.4   libsub-override-perl libsys-hostname-long-perl libtool libtsan0 libubsan1
#10 116.4   libuchardet0 libwebpdemux2 libxslt1.1 libyuv0 libzip4 lto-disabled-list m4
#10 116.4   make man-db mlock php-common php-pear php8.5-common pkg-config pkg-php-tools
#10 116.4   po-debconf poppler-data psmisc shtool tzdata xz-utils
#10 116.4 Suggested packages:
#10 116.4   autoconf-archive gnu-standards autoconf-doc binutils-doc bzip2-doc cpp-doc
#10 116.4   gcc-11-locales anacron logrotate checksecurity default-mta
#10 116.4   | mail-transport-agent dh-make debian-keyring fonts-noto fonts-freefont-otf
#10 116.4   | fonts-freefont-ttf fonts-texgyre g++-multilib g++-11-multilib gcc-11-doc
#10 116.4   gcc-multilib flex bison gdb gcc-doc gcc-11-multilib gettext-doc
#10 116.4   libasprintf-dev libgettextpo-dev ghostscript-x groff uw-mailutils
#10 116.4   cups-common bzr libfftw3-bin libfftw3-dev libgd-tools liblcms2-utils
#10 116.4   libtool-doc libmagickcore-6.q16-6-extra libssl-doc libstdc++-11-doc gfortran
#10 116.4   | fortran95-compiler gcj-jdk m4-doc make-doc apparmor www-browser dh-php
#10 116.4   redis-server libmail-box-perl poppler-utils fonts-japanese-mincho
#10 116.4   | fonts-ipafont-mincho fonts-japanese-gothic | fonts-ipafont-gothic
#10 116.4   fonts-arphic-ukai fonts-arphic-uming fonts-nanum
#10 116.6 The following NEW packages will be installed:
#10 116.6   autoconf automake autopoint autotools-dev binutils binutils-common
#10 116.6   binutils-x86-64-linux-gnu bsdextrautils build-essential bzip2 cpp cpp-11
#10 116.6   cron debhelper debugedit dh-autoreconf dh-strip-nondeterminism dpkg-dev dwz
#10 116.6   fakeroot file fonts-droid-fallback fonts-noto-mono fonts-urw-base35 g++
#10 116.6   g++-11 gcc gcc-11 gcc-11-base gettext gettext-base ghostscript groff-base
#10 116.6   gsfonts imagemagick-6-common intltool-debian libabsl20210324
#10 116.6   libalgorithm-diff-perl libalgorithm-diff-xs-perl libalgorithm-merge-perl
#10 116.6   libarchive-cpio-perl libarchive-zip-perl libargon2-1 libasan6 libatomic1
#10 116.6   libavahi-client3 libavahi-common-data libavahi-common3 libavif13 libbinutils
#10 116.6   libc-ares2 libc-client2007e libcc1-0 libctf-nobfd0 libctf0 libcups2
#10 116.6   libde265-0 libdebhelper-perl libdpkg-perl libdw1 libfakeroot
#10 116.6   libfftw3-double3 libfile-fcntllock-perl libfile-stripnondeterminism-perl
#10 116.6   libgav1-0 libgcc-11-dev libgs9 libgs9-common libhashkit2 libheif1 libidn12
#10 116.6   libijs-0.35 libimagequant0 libisl23 libitm1 libjbig2dec0 liblcms2-2
#10 116.6   liblocale-gettext-perl liblqr-1-0 liblsan0 libltdl-dev libltdl7 libmagic-mgc
#10 116.6   libmagic1 libmagickcore-6.q16-6 libmagickwand-6.q16-6 libmail-sendmail-perl
#10 116.6   libmemcached11 libmpc3 libmpfr6 libonig5 libpaper-utils libpaper1
#10 116.6   libpcre2-16-0 libpcre2-32-0 libpcre2-dev libpcre2-posix3 libpipeline1 libpq5
#10 116.6   libsigsegv2 libssl-dev libstdc++-11-dev libsub-override-perl
#10 116.6   libsys-hostname-long-perl libtool libtsan0 libubsan1 libuchardet0
#10 116.6   libwebpdemux2 libxslt1.1 libyuv0 libzip4 lto-disabled-list m4 make man-db
#10 116.6   mlock php-common php-pear php8.5-bcmath php8.5-cli php8.5-common php8.5-curl
#10 116.6   php8.5-dev php8.5-gd php8.5-igbinary php8.5-imagick php8.5-imap php8.5-intl
#10 116.6   php8.5-ldap php8.5-mbstring php8.5-memcached php8.5-msgpack php8.5-mysql
#10 116.6   php8.5-pcov php8.5-pgsql php8.5-readline php8.5-redis php8.5-soap
#10 116.6   php8.5-sqlite3 php8.5-swoole php8.5-xdebug php8.5-xml php8.5-zip pkg-config
#10 116.6   pkg-php-tools po-debconf poppler-data psmisc shtool tzdata xz-utils
#10 116.6 The following packages will be upgraded:
#10 116.6   libgd3 libpcre2-8-0
#10 116.7 2 upgraded, 152 newly installed, 0 to remove and 4 not upgraded.
#10 116.7 Need to get 108 MB of archives.
#10 116.7 After this operation, 379 MB of additional disk space will be used.
#10 116.7 Get:1 http://archive.ubuntu.com/ubuntu jammy/main amd64 liblocale-gettext-perl amd64 1.07-4build3 [17.1 kB]
#10 116.8 Get:2 http://archive.ubuntu.com/ubuntu jammy/main amd64 cron amd64 3.0pl1-137ubuntu3 [73.7 kB]
#10 116.8 Get:3 http://archive.ubuntu.com/ubuntu jammy/main amd64 fonts-droid-fallback all 1:6.0.1r16-1.1build1 [1805 kB]
#10 116.9 Get:4 https://ppa.launchpadcontent.net/ondrej/php/ubuntu jammy/main amd64 php-common all 2:101~+ubuntu22.04.1+deb.sury.org+1 [17.7 kB]
#10 117.5 Get:5 http://archive.ubuntu.com/ubuntu jammy/main amd64 libfftw3-double3 amd64 3.3.8-2ubuntu8 [770 kB]
#10 117.7 Get:6 http://archive.ubuntu.com/ubuntu jammy-updates/universe amd64 libde265-0 amd64 1.0.8-1ubuntu0.3 [290 kB]
#10 117.8 Get:7 http://archive.ubuntu.com/ubuntu jammy/universe amd64 libheif1 amd64 1.12.0-2build1 [196 kB]
#10 117.9 Get:8 http://archive.ubuntu.com/ubuntu jammy-updates/main amd64 liblcms2-2 amd64 2.12~rc1-2ubuntu0.1 [159 kB]
#10 117.9 Get:9 http://archive.ubuntu.com/ubuntu jammy/universe amd64 liblqr-1-0 amd64 0.4.2-2.1 [27.7 kB]
#10 117.9 Get:10 http://archive.ubuntu.com/ubuntu jammy/main amd64 libltdl7 amd64 2.4.6-15build2 [39.6 kB]
#10 117.9 Get:11 http://archive.ubuntu.com/ubuntu jammy-updates/main amd64 libwebpdemux2 amd64 1.2.2-2ubuntu0.22.04.2 [9964 B]
#10 118.0 Get:12 http://archive.ubuntu.com/ubuntu jammy-updates/universe amd64 imagemagick-6-common all 8:6.9.11.60+dfsg-1.3ubuntu0.22.04.5 [64.3 kB]
#10 118.0 Get:13 http://archive.ubuntu.com/ubuntu jammy-updates/universe amd64 libmagickcore-6.q16-6 amd64 8:6.9.11.60+dfsg-1.3ubuntu0.22.04.5 [1795 kB]
#10 118.6 Get:14 http://archive.ubuntu.com/ubuntu jammy-updates/universe amd64 libmagickwand-6.q16-6 amd64 8:6.9.11.60+dfsg-1.3ubuntu0.22.04.5 [328 kB]
#10 118.7 Get:15 http://archive.ubuntu.com/ubuntu jammy/main amd64 psmisc amd64 23.4-2build3 [119 kB]
#10 118.7 Get:16 http://archive.ubuntu.com/ubuntu jammy-updates/main amd64 tzdata all 2026c-0ubuntu0.22.04.1 [346 kB]
#10 118.8 Get:17 http://archive.ubuntu.com/ubuntu jammy/main amd64 libargon2-1 amd64 0~20171227-0.3 [19.5 kB]
#10 118.8 Get:18 http://archive.ubuntu.com/ubuntu jammy/universe amd64 mlock amd64 8:2007f~dfsg-7build1 [12.2 kB]
#10 118.8 Get:19 http://archive.ubuntu.com/ubuntu jammy/universe amd64 libc-client2007e amd64 8:2007f~dfsg-7build1 [645 kB]
#10 119.1 Get:20 http://archive.ubuntu.com/ubuntu jammy-updates/main amd64 libc-ares2 amd64 1.18.1-1ubuntu0.22.04.3 [45.1 kB]
#10 119.1 Get:21 http://archive.ubuntu.com/ubuntu jammy-updates/main amd64 libpq5 amd64 14.23-0ubuntu0.22.04.1 [153 kB]
#10 119.1 Get:22 http://archive.ubuntu.com/ubuntu jammy/main amd64 poppler-data all 0.4.11-1 [2171 kB]
#10 119.8 Get:23 http://archive.ubuntu.com/ubuntu jammy-updates/main amd64 bsdextrautils amd64 2.37.2-4ubuntu3.5 [71.4 kB]
#10 119.9 Get:24 http://archive.ubuntu.com/ubuntu jammy-updates/main amd64 libmagic-mgc amd64 1:5.41-3ubuntu0.1 [257 kB]
#10 120.0 Get:25 http://archive.ubuntu.com/ubuntu jammy-updates/main amd64 libmagic1 amd64 1:5.41-3ubuntu0.1 [87.2 kB]
#10 120.0 Get:26 http://archive.ubuntu.com/ubuntu jammy-updates/main amd64 file amd64 1:5.41-3ubuntu0.1 [21.5 kB]
#10 120.0 Get:27 http://archive.ubuntu.com/ubuntu jammy/main amd64 gettext-base amd64 0.21-4ubuntu4 [37.8 kB]
#10 120.0 Get:28 http://archive.ubuntu.com/ubuntu jammy/main amd64 libuchardet0 amd64 0.0.7-1build2 [76.9 kB]
#10 120.0 Get:29 http://archive.ubuntu.com/ubuntu jammy/main amd64 groff-base amd64 1.22.4-8build1 [955 kB]
#10 120.3 Get:30 http://archive.ubuntu.com/ubuntu jammy/main amd64 libpipeline1 amd64 1.5.5-1 [23.5 kB]
#10 120.3 Get:31 http://archive.ubuntu.com/ubuntu jammy/main amd64 man-db amd64 2.10.2-1 [1187 kB]
#10 120.7 Get:32 http://archive.ubuntu.com/ubuntu jammy-updates/main amd64 xz-utils amd64 5.2.5-2ubuntu1.1 [84.8 kB]
#10 120.7 Get:33 http://archive.ubuntu.com/ubuntu jammy/main amd64 libsigsegv2 amd64 2.13-1ubuntu3 [14.6 kB]
#10 120.7 Get:34 http://archive.ubuntu.com/ubuntu jammy/main amd64 m4 amd64 1.4.18-5ubuntu2 [199 kB]
#10 120.8 Get:35 http://archive.ubuntu.com/ubuntu jammy/main amd64 autoconf all 2.71-2 [338 kB]
#10 120.9 Get:36 http://archive.ubuntu.com/ubuntu jammy/main amd64 autotools-dev all 20220109.1 [44.9 kB]
#10 120.9 Get:37 http://archive.ubuntu.com/ubuntu jammy/main amd64 automake all 1:1.16.5-1.3 [558 kB]
#10 121.1 Get:38 http://archive.ubuntu.com/ubuntu jammy/main amd64 autopoint all 0.21-4ubuntu4 [422 kB]
#10 121.2 Get:39 http://archive.ubuntu.com/ubuntu jammy-updates/main amd64 binutils-common amd64 2.38-4ubuntu2.12 [223 kB]
#10 121.3 Get:40 http://archive.ubuntu.com/ubuntu jammy-updates/main amd64 libbinutils amd64 2.38-4ubuntu2.12 [663 kB]
#10 121.5 Get:41 http://archive.ubuntu.com/ubuntu jammy-updates/main amd64 libctf-nobfd0 amd64 2.38-4ubuntu2.12 [108 kB]
#10 121.5 Get:42 http://archive.ubuntu.com/ubuntu jammy-updates/main amd64 libctf0 amd64 2.38-4ubuntu2.12 [103 kB]
#10 121.5 Get:43 http://archive.ubuntu.com/ubuntu jammy-updates/main amd64 binutils-x86-64-linux-gnu amd64 2.38-4ubuntu2.12 [2324 kB]
#10 121.9 Get:44 https://ppa.launchpadcontent.net/ondrej/php/ubuntu jammy/main amd64 php8.5-common amd64 8.5.9-1+ubuntu22.04.1+deb.sury.org+1 [850 kB]
#10 122.4 Get:45 http://archive.ubuntu.com/ubuntu jammy-updates/main amd64 binutils amd64 2.38-4ubuntu2.12 [3184 B]
#10 122.4 Get:46 http://archive.ubuntu.com/ubuntu jammy-updates/main amd64 gcc-11-base amd64 11.4.0-1ubuntu1~22.04.3 [216 kB]
#10 122.5 Get:47 http://archive.ubuntu.com/ubuntu jammy/main amd64 libisl23 amd64 0.24-2build1 [727 kB]
#10 122.8 Get:48 http://archive.ubuntu.com/ubuntu jammy/main amd64 libmpfr6 amd64 4.1.0-3build3 [1425 kB]
#10 122.9 Get:49 https://ppa.launchpadcontent.net/ondrej/php/ubuntu jammy/main amd64 php8.5-readline amd64 8.5.9-1+ubuntu22.04.1+deb.sury.org+1 [13.7 kB]
#10 122.9 Get:50 https://ppa.launchpadcontent.net/ondrej/php/ubuntu jammy/main amd64 libpcre2-8-0 amd64 10.42-3+ubuntu22.04.1+deb.sury.org+1 [230 kB]
#10 123.1 Get:51 https://ppa.launchpadcontent.net/ondrej/php/ubuntu jammy/main amd64 php8.5-cli amd64 8.5.9-1+ubuntu22.04.1+deb.sury.org+1 [3170 kB]
#10 123.5 Get:52 http://archive.ubuntu.com/ubuntu jammy/main amd64 libmpc3 amd64 1.2.1-2build1 [46.9 kB]
#10 123.5 Get:53 http://archive.ubuntu.com/ubuntu jammy-updates/main amd64 cpp-11 amd64 11.4.0-1ubuntu1~22.04.3 [10.0 MB]
#10 125.5 Get:54 https://ppa.launchpadcontent.net/ondrej/php/ubuntu jammy/main amd64 php8.5-igbinary amd64 3.2.16-6+ubuntu22.04.1+deb.sury.org+1 [38.2 kB]
#10 125.5 Get:55 https://ppa.launchpadcontent.net/ondrej/php/ubuntu jammy/main amd64 php8.5-imagick amd64 3.8.1-1+ubuntu22.04.1+deb.sury.org+1 [125 kB]
#10 125.6 Get:56 https://ppa.launchpadcontent.net/ondrej/php/ubuntu jammy/main amd64 php8.5-imap amd64 3:1.0.3-2+ubuntu22.04.1+deb.sury.org+1 [39.3 kB]
#10 125.7 Get:57 https://ppa.launchpadcontent.net/ondrej/php/ubuntu jammy/main amd64 php8.5-msgpack amd64 1:3.0.0-2+ubuntu22.04.1+deb.sury.org+1 [33.0 kB]
#10 125.7 Get:58 https://ppa.launchpadcontent.net/ondrej/php/ubuntu jammy/main amd64 libhashkit2 amd64 1.1.4-1+ubuntu22.04.1+deb.sury.org+1 [21.8 kB]
#10 125.7 Get:59 https://ppa.launchpadcontent.net/ondrej/php/ubuntu jammy/main amd64 libmemcached11 amd64 1.1.4-1+ubuntu22.04.1+deb.sury.org+1 [89.9 kB]
#10 125.8 Get:60 https://ppa.launchpadcontent.net/ondrej/php/ubuntu jammy/main amd64 php8.5-memcached amd64 3.4.0-1+ubuntu22.04.1+deb.sury.org+1 [52.5 kB]
#10 125.8 Get:61 https://ppa.launchpadcontent.net/ondrej/php/ubuntu jammy/main amd64 php8.5-pcov amd64 1.0.12-2+ubuntu22.04.1+deb.sury.org+1 [13.9 kB]
#10 125.8 Get:62 https://ppa.launchpadcontent.net/ondrej/php/ubuntu jammy/main amd64 php8.5-redis amd64 6.3.0-2+ubuntu22.04.1+deb.sury.org+1 [210 kB]
#10 126.0 Get:63 https://ppa.launchpadcontent.net/ondrej/php/ubuntu jammy/main amd64 php8.5-curl amd64 8.5.9-1+ubuntu22.04.1+deb.sury.org+1 [45.3 kB]
#10 126.0 Get:64 https://ppa.launchpadcontent.net/ondrej/php/ubuntu jammy/main amd64 php8.5-mysql amd64 8.5.9-1+ubuntu22.04.1+deb.sury.org+1 [134 kB]
#10 126.1 Get:65 https://ppa.launchpadcontent.net/ondrej/php/ubuntu jammy/main amd64 php8.5-swoole amd64 6.2.0-1+ubuntu22.04.1+deb.sury.org+1 [1164 kB]
#10 126.8 Get:66 https://ppa.launchpadcontent.net/ondrej/php/ubuntu jammy/main amd64 php8.5-xdebug amd64 3.5.3-1+ubuntu22.04.1+deb.sury.org+1 [764 kB]
#10 127.4 Get:67 https://ppa.launchpadcontent.net/ondrej/php/ubuntu jammy/main amd64 libgd3 amd64 2.3.3-13+ubuntu22.04.1+deb.sury.org+1 [148 kB]
#10 127.5 Get:68 https://ppa.launchpadcontent.net/ondrej/php/ubuntu jammy/main amd64 libpcre2-16-0 amd64 10.42-3+ubuntu22.04.1+deb.sury.org+1 [213 kB]
#10 127.6 Get:69 https://ppa.launchpadcontent.net/ondrej/php/ubuntu jammy/main amd64 libpcre2-32-0 amd64 10.42-3+ubuntu22.04.1+deb.sury.org+1 [202 kB]
#10 127.7 Get:70 https://ppa.launchpadcontent.net/ondrej/php/ubuntu jammy/main amd64 libpcre2-posix3 amd64 10.42-3+ubuntu22.04.1+deb.sury.org+1 [9204 B]
#10 127.8 Get:71 https://ppa.launchpadcontent.net/ondrej/php/ubuntu jammy/main amd64 libpcre2-dev amd64 10.42-3+ubuntu22.04.1+deb.sury.org+1 [746 kB]
#10 128.3 Get:72 https://ppa.launchpadcontent.net/ondrej/php/ubuntu jammy/main amd64 php8.5-xml amd64 8.5.9-1+ubuntu22.04.1+deb.sury.org+1 [219 kB]
#10 128.4 Get:73 https://ppa.launchpadcontent.net/ondrej/php/ubuntu jammy/main amd64 php-pear all 1:1.10.16+submodules+notgz-2+ubuntu22.04.1+deb.sury.org+1 [295 kB]
#10 128.6 Get:74 https://ppa.launchpadcontent.net/ondrej/php/ubuntu jammy/main amd64 php8.5-bcmath amd64 8.5.9-1+ubuntu22.04.1+deb.sury.org+1 [29.0 kB]
#10 128.6 Get:75 https://ppa.launchpadcontent.net/ondrej/php/ubuntu jammy/main amd64 php8.5-dev amd64 8.5.9-1+ubuntu22.04.1+deb.sury.org+1 [627 kB]
#10 129.0 Get:76 https://ppa.launchpadcontent.net/ondrej/php/ubuntu jammy/main amd64 php8.5-gd amd64 8.5.9-1+ubuntu22.04.1+deb.sury.org+1 [40.4 kB]
#10 129.1 Get:77 https://ppa.launchpadcontent.net/ondrej/php/ubuntu jammy/main amd64 php8.5-intl amd64 8.5.9-1+ubuntu22.04.1+deb.sury.org+1 [182 kB]
#10 129.2 Get:78 https://ppa.launchpadcontent.net/ondrej/php/ubuntu jammy/main amd64 php8.5-ldap amd64 8.5.9-1+ubuntu22.04.1+deb.sury.org+1 [36.1 kB]
#10 129.2 Get:79 https://ppa.launchpadcontent.net/ondrej/php/ubuntu jammy/main amd64 php8.5-mbstring amd64 8.5.9-1+ubuntu22.04.1+deb.sury.org+1 [547 kB]
#10 129.6 Get:80 https://ppa.launchpadcontent.net/ondrej/php/ubuntu jammy/main amd64 php8.5-pgsql amd64 8.5.9-1+ubuntu22.04.1+deb.sury.org+1 [81.2 kB]
#10 129.6 Get:81 http://archive.ubuntu.com/ubuntu jammy/main amd64 cpp amd64 4:11.2.0-1ubuntu1 [27.7 kB]
#10 129.6 Get:82 http://archive.ubuntu.com/ubuntu jammy-updates/main amd64 libcc1-0 amd64 12.3.0-1ubuntu1~22.04.3 [48.3 kB]
#10 129.7 Get:83 http://archive.ubuntu.com/ubuntu jammy-updates/main amd64 libitm1 amd64 12.3.0-1ubuntu1~22.04.3 [30.2 kB]
#10 129.7 Get:84 http://archive.ubuntu.com/ubuntu jammy-updates/main amd64 libatomic1 amd64 12.3.0-1ubuntu1~22.04.3 [10.5 kB]
#10 129.7 Get:85 https://ppa.launchpadcontent.net/ondrej/php/ubuntu jammy/main amd64 php8.5-soap amd64 8.5.9-1+ubuntu22.04.1+deb.sury.org+1 [139 kB]
#10 129.7 Get:86 http://archive.ubuntu.com/ubuntu jammy-updates/main amd64 libasan6 amd64 11.4.0-1ubuntu1~22.04.3 [2283 kB]
#10 129.7 Get:87 https://ppa.launchpadcontent.net/ondrej/php/ubuntu jammy/main amd64 php8.5-sqlite3 amd64 8.5.9-1+ubuntu22.04.1+deb.sury.org+1 [40.3 kB]
#10 129.8 Get:88 https://ppa.launchpadcontent.net/ondrej/php/ubuntu jammy/main amd64 php8.5-zip amd64 8.5.9-1+ubuntu22.04.1+deb.sury.org+1 [32.5 kB]
#10 130.5 Get:89 http://archive.ubuntu.com/ubuntu jammy-updates/main amd64 liblsan0 amd64 12.3.0-1ubuntu1~22.04.3 [1069 kB]
#10 130.8 Get:90 http://archive.ubuntu.com/ubuntu jammy-updates/main amd64 libtsan0 amd64 11.4.0-1ubuntu1~22.04.3 [2260 kB]
#10 131.4 Get:91 http://archive.ubuntu.com/ubuntu jammy-updates/main amd64 libubsan1 amd64 12.3.0-1ubuntu1~22.04.3 [976 kB]
#10 131.7 Get:92 http://archive.ubuntu.com/ubuntu jammy-updates/main amd64 libgcc-11-dev amd64 11.4.0-1ubuntu1~22.04.3 [2517 kB]
#10 132.5 Get:93 http://archive.ubuntu.com/ubuntu jammy-updates/main amd64 gcc-11 amd64 11.4.0-1ubuntu1~22.04.3 [20.1 MB]
#10 138.7 Get:94 http://archive.ubuntu.com/ubuntu jammy/main amd64 gcc amd64 4:11.2.0-1ubuntu1 [5112 B]
#10 138.9 Get:95 http://archive.ubuntu.com/ubuntu jammy-updates/main amd64 libstdc++-11-dev amd64 11.4.0-1ubuntu1~22.04.3 [2101 kB]
#10 140.1 Get:96 http://archive.ubuntu.com/ubuntu jammy-updates/main amd64 g++-11 amd64 11.4.0-1ubuntu1~22.04.3 [11.4 MB]
#10 144.0 Get:97 http://archive.ubuntu.com/ubuntu jammy/main amd64 g++ amd64 4:11.2.0-1ubuntu1 [1412 B]
#10 144.1 Get:98 http://archive.ubuntu.com/ubuntu jammy/main amd64 make amd64 4.3-4.1build1 [180 kB]
#10 144.2 Get:99 http://archive.ubuntu.com/ubuntu jammy-updates/main amd64 libdpkg-perl all 1.21.1ubuntu2.6 [237 kB]
#10 144.4 Get:100 http://archive.ubuntu.com/ubuntu jammy/main amd64 bzip2 amd64 1.0.8-5build1 [34.8 kB]
#10 144.6 Get:101 http://archive.ubuntu.com/ubuntu jammy/main amd64 lto-disabled-list all 24 [12.5 kB]
#10 144.7 Get:102 http://archive.ubuntu.com/ubuntu jammy-updates/main amd64 dpkg-dev all 1.21.1ubuntu2.6 [922 kB]
#10 145.2 Get:103 http://archive.ubuntu.com/ubuntu jammy/main amd64 build-essential amd64 12.9ubuntu3 [4744 B]
#10 145.4 Get:104 http://archive.ubuntu.com/ubuntu jammy/main amd64 libdebhelper-perl all 13.6ubuntu1 [67.2 kB]
#10 145.5 Get:105 http://archive.ubuntu.com/ubuntu jammy/main amd64 libtool all 2.4.6-15build2 [164 kB]
#10 145.7 Get:106 http://archive.ubuntu.com/ubuntu jammy/main amd64 dh-autoreconf all 20 [16.1 kB]
#10 145.8 Get:107 http://archive.ubuntu.com/ubuntu jammy/main amd64 libarchive-zip-perl all 1.68-1 [90.2 kB]
#10 146.0 Get:108 http://archive.ubuntu.com/ubuntu jammy/main amd64 libsub-override-perl all 0.09-2 [9532 B]
#10 146.1 Get:109 http://archive.ubuntu.com/ubuntu jammy/main amd64 libfile-stripnondeterminism-perl all 1.13.0-1 [18.1 kB]
#10 146.2 Get:110 http://archive.ubuntu.com/ubuntu jammy/main amd64 dh-strip-nondeterminism all 1.13.0-1 [5344 B]
#10 146.3 Get:111 http://archive.ubuntu.com/ubuntu jammy-updates/main amd64 libdw1 amd64 0.186-1ubuntu0.1 [251 kB]
#10 146.6 Get:112 http://archive.ubuntu.com/ubuntu jammy/main amd64 debugedit amd64 1:5.0-4build1 [47.2 kB]
#10 146.7 Get:113 http://archive.ubuntu.com/ubuntu jammy/main amd64 dwz amd64 0.14-1build2 [105 kB]
#10 146.9 Get:114 http://archive.ubuntu.com/ubuntu jammy/main amd64 gettext amd64 0.21-4ubuntu4 [868 kB]
#10 147.3 Get:115 http://archive.ubuntu.com/ubuntu jammy/main amd64 intltool-debian all 0.35.0+20060710.5 [24.9 kB]
#10 147.4 Get:116 http://archive.ubuntu.com/ubuntu jammy/main amd64 po-debconf all 1.0.21+nmu1 [233 kB]
#10 147.6 Get:117 http://archive.ubuntu.com/ubuntu jammy/main amd64 debhelper all 13.6ubuntu1 [923 kB]
#10 148.1 Get:118 http://archive.ubuntu.com/ubuntu jammy/main amd64 libfakeroot amd64 1.28-1ubuntu1 [31.5 kB]
#10 148.2 Get:119 http://archive.ubuntu.com/ubuntu jammy/main amd64 fakeroot amd64 1.28-1ubuntu1 [60.4 kB]
#10 148.4 Get:120 http://archive.ubuntu.com/ubuntu jammy/main amd64 fonts-noto-mono all 20201225-1build1 [397 kB]
#10 148.7 Get:121 http://archive.ubuntu.com/ubuntu jammy/main amd64 fonts-urw-base35 all 20200910-1 [6367 kB]
#10 151.2 Get:122 http://archive.ubuntu.com/ubuntu jammy-updates/main amd64 libgs9-common all 9.55.0~dfsg1-0ubuntu5.13 [753 kB]
#10 151.5 Get:123 http://archive.ubuntu.com/ubuntu jammy-updates/main amd64 libavahi-common-data amd64 0.8-5ubuntu5.5 [24.0 kB]
#10 151.6 Get:124 http://archive.ubuntu.com/ubuntu jammy-updates/main amd64 libavahi-common3 amd64 0.8-5ubuntu5.5 [23.9 kB]
#10 151.7 Get:125 http://archive.ubuntu.com/ubuntu jammy-updates/main amd64 libavahi-client3 amd64 0.8-5ubuntu5.5 [28.1 kB]
#10 151.9 Get:126 http://archive.ubuntu.com/ubuntu jammy-updates/main amd64 libcups2 amd64 2.4.1op1-1ubuntu4.21 [266 kB]
#10 152.0 Get:127 http://archive.ubuntu.com/ubuntu jammy-updates/main amd64 libidn12 amd64 1.38-4ubuntu1.1 [60.5 kB]
#10 152.2 Get:128 http://archive.ubuntu.com/ubuntu jammy/main amd64 libijs-0.35 amd64 0.35-15build2 [16.5 kB]
#10 152.3 Get:129 http://archive.ubuntu.com/ubuntu jammy-updates/main amd64 libjbig2dec0 amd64 0.19-3ubuntu0.1 [64.8 kB]
#10 152.5 Get:130 http://archive.ubuntu.com/ubuntu jammy/main amd64 libpaper1 amd64 1.1.28build2 [13.8 kB]
#10 152.6 Get:131 http://archive.ubuntu.com/ubuntu jammy-updates/main amd64 libgs9 amd64 9.55.0~dfsg1-0ubuntu5.13 [5032 kB]
#10 154.2 Get:132 http://archive.ubuntu.com/ubuntu jammy-updates/main amd64 ghostscript amd64 9.55.0~dfsg1-0ubuntu5.13 [49.4 kB]
#10 154.3 Get:133 http://archive.ubuntu.com/ubuntu jammy/universe amd64 gsfonts all 1:8.11+urwcyr1.0.7~pre44-4.5 [3120 kB]
#10 155.7 Get:134 http://archive.ubuntu.com/ubuntu jammy-updates/main amd64 libabsl20210324 amd64 0~20210324.2-2ubuntu0.3 [386 kB]
#10 155.9 Get:135 http://archive.ubuntu.com/ubuntu jammy/main amd64 libalgorithm-diff-perl all 1.201-1 [41.8 kB]
#10 156.1 Get:136 http://archive.ubuntu.com/ubuntu jammy/main amd64 libalgorithm-diff-xs-perl amd64 0.04-6build3 [11.9 kB]
#10 156.2 Get:137 http://archive.ubuntu.com/ubuntu jammy/main amd64 libalgorithm-merge-perl all 0.08-3 [12.0 kB]
#10 156.3 Get:138 http://archive.ubuntu.com/ubuntu jammy/main amd64 libarchive-cpio-perl all 0.10-1.1 [9928 B]
#10 156.4 Get:139 http://archive.ubuntu.com/ubuntu jammy/universe amd64 libgav1-0 amd64 0.17.0-1build1 [336 kB]
#10 156.7 Get:140 http://archive.ubuntu.com/ubuntu jammy/universe amd64 libyuv0 amd64 0.0~git20220104.b91df1a-2 [154 kB]
#10 156.8 Get:141 http://archive.ubuntu.com/ubuntu jammy/universe amd64 libavif13 amd64 0.9.3-3 [69.5 kB]
#10 157.0 Get:142 http://archive.ubuntu.com/ubuntu jammy/main amd64 libfile-fcntllock-perl amd64 0.22-3build7 [33.9 kB]
#10 157.1 Get:143 http://archive.ubuntu.com/ubuntu jammy/main amd64 libimagequant0 amd64 2.17.0-1 [34.6 kB]
#10 157.2 Get:144 http://archive.ubuntu.com/ubuntu jammy/main amd64 libltdl-dev amd64 2.4.6-15build2 [169 kB]
#10 157.4 Get:145 http://archive.ubuntu.com/ubuntu jammy/main amd64 libsys-hostname-long-perl all 1.5-2 [11.5 kB]
#10 157.7 Get:146 http://archive.ubuntu.com/ubuntu jammy/main amd64 libmail-sendmail-perl all 0.80-1.1 [22.7 kB]
#10 157.8 Get:147 http://archive.ubuntu.com/ubuntu jammy/main amd64 libonig5 amd64 6.9.7.1-2build1 [172 kB]
#10 158.0 Get:148 http://archive.ubuntu.com/ubuntu jammy/main amd64 libpaper-utils amd64 1.1.28build2 [8674 B]
#10 158.1 Get:149 http://archive.ubuntu.com/ubuntu jammy-updates/main amd64 libssl-dev amd64 3.0.2-0ubuntu1.26 [2377 kB]
#10 159.0 Get:150 http://archive.ubuntu.com/ubuntu jammy-updates/main amd64 libxslt1.1 amd64 1.1.34-4ubuntu0.22.04.5 [165 kB]
#10 159.2 Get:151 http://archive.ubuntu.com/ubuntu jammy/universe amd64 libzip4 amd64 1.7.3-1ubuntu2 [55.0 kB]
#10 159.3 Get:152 http://archive.ubuntu.com/ubuntu jammy/main amd64 pkg-config amd64 0.29.2-1ubuntu3 [48.2 kB]
#10 159.5 Get:153 http://archive.ubuntu.com/ubuntu jammy/main amd64 shtool all 2.0.8-10 [122 kB]
#10 159.6 Get:154 http://archive.ubuntu.com/ubuntu jammy/main amd64 pkg-php-tools all 1.42build1 [33.5 kB]
#10 159.7 debconf: delaying package configuration, since apt-utils is not installed
#10 159.8 Fetched 108 MB in 43s (2500 kB/s)
#10 159.8 Selecting previously unselected package liblocale-gettext-perl.
#10 159.8 (Reading database ... (Reading database ... 5%(Reading database ... 10%(Reading database ... 15%(Reading database ... 20%(Reading database ... 25%(Reading database ... 30%(Reading database ... 35%(Reading database ... 40%(Reading database ... 45%(Reading database ... 50%(Reading database ... 55%(Reading database ... 60%(Reading database ... 65%(Reading database ... 70%(Reading database ... 75%(Reading database ... 80%(Reading database ... 85%(Reading database ... 90%(Reading database ... 95%(Reading database ... 100%(Reading database ... 17350 files and directories currently installed.)
#10 159.8 Preparing to unpack .../00-liblocale-gettext-perl_1.07-4build3_amd64.deb ...
#10 159.8 Unpacking liblocale-gettext-perl (1.07-4build3) ...
#10 159.8 Selecting previously unselected package cron.
#10 159.8 Preparing to unpack .../01-cron_3.0pl1-137ubuntu3_amd64.deb ...
#10 159.8 Unpacking cron (3.0pl1-137ubuntu3) ...
#10 159.9 Selecting previously unselected package fonts-droid-fallback.
#10 159.9 Preparing to unpack .../02-fonts-droid-fallback_1%3a6.0.1r16-1.1build1_all.deb ...
#10 159.9 Unpacking fonts-droid-fallback (1:6.0.1r16-1.1build1) ...
#10 160.0 Selecting previously unselected package libfftw3-double3:amd64.
#10 160.0 Preparing to unpack .../03-libfftw3-double3_3.3.8-2ubuntu8_amd64.deb ...
#10 160.0 Unpacking libfftw3-double3:amd64 (3.3.8-2ubuntu8) ...
#10 160.1 Selecting previously unselected package libde265-0:amd64.
#10 160.1 Preparing to unpack .../04-libde265-0_1.0.8-1ubuntu0.3_amd64.deb ...
#10 160.1 Unpacking libde265-0:amd64 (1.0.8-1ubuntu0.3) ...
#10 160.1 Selecting previously unselected package libheif1:amd64.
#10 160.1 Preparing to unpack .../05-libheif1_1.12.0-2build1_amd64.deb ...
#10 160.2 Unpacking libheif1:amd64 (1.12.0-2build1) ...
#10 160.2 Selecting previously unselected package liblcms2-2:amd64.
#10 160.2 Preparing to unpack .../06-liblcms2-2_2.12~rc1-2ubuntu0.1_amd64.deb ...
#10 160.2 Unpacking liblcms2-2:amd64 (2.12~rc1-2ubuntu0.1) ...
#10 160.2 Selecting previously unselected package liblqr-1-0:amd64.
#10 160.2 Preparing to unpack .../07-liblqr-1-0_0.4.2-2.1_amd64.deb ...
#10 160.2 Unpacking liblqr-1-0:amd64 (0.4.2-2.1) ...
#10 160.3 Selecting previously unselected package libltdl7:amd64.
#10 160.3 Preparing to unpack .../08-libltdl7_2.4.6-15build2_amd64.deb ...
#10 160.3 Unpacking libltdl7:amd64 (2.4.6-15build2) ...
#10 160.3 Selecting previously unselected package libwebpdemux2:amd64.
#10 160.3 Preparing to unpack .../09-libwebpdemux2_1.2.2-2ubuntu0.22.04.2_amd64.deb ...
#10 160.3 Unpacking libwebpdemux2:amd64 (1.2.2-2ubuntu0.22.04.2) ...
#10 160.3 Selecting previously unselected package imagemagick-6-common.
#10 160.3 Preparing to unpack .../10-imagemagick-6-common_8%3a6.9.11.60+dfsg-1.3ubuntu0.22.04.5_all.deb ...
#10 160.3 Unpacking imagemagick-6-common (8:6.9.11.60+dfsg-1.3ubuntu0.22.04.5) ...
#10 160.4 Selecting previously unselected package libmagickcore-6.q16-6:amd64.
#10 160.4 Preparing to unpack .../11-libmagickcore-6.q16-6_8%3a6.9.11.60+dfsg-1.3ubuntu0.22.04.5_amd64.deb ...
#10 160.4 Unpacking libmagickcore-6.q16-6:amd64 (8:6.9.11.60+dfsg-1.3ubuntu0.22.04.5) ...
#10 160.4 Selecting previously unselected package libmagickwand-6.q16-6:amd64.
#10 160.4 Preparing to unpack .../12-libmagickwand-6.q16-6_8%3a6.9.11.60+dfsg-1.3ubuntu0.22.04.5_amd64.deb ...
#10 160.4 Unpacking libmagickwand-6.q16-6:amd64 (8:6.9.11.60+dfsg-1.3ubuntu0.22.04.5) ...
#10 160.5 Selecting previously unselected package psmisc.
#10 160.5 Preparing to unpack .../13-psmisc_23.4-2build3_amd64.deb ...
#10 160.5 Unpacking psmisc (23.4-2build3) ...
#10 160.5 Selecting previously unselected package php-common.
#10 160.5 Preparing to unpack .../14-php-common_2%3a101~+ubuntu22.04.1+deb.sury.org+1_all.deb ...
#10 160.5 Unpacking php-common (2:101~+ubuntu22.04.1+deb.sury.org+1) ...
#10 160.6 Selecting previously unselected package php8.5-common.
#10 160.6 Preparing to unpack .../15-php8.5-common_8.5.9-1+ubuntu22.04.1+deb.sury.org+1_amd64.deb ...
#10 160.6 Unpacking php8.5-common (8.5.9-1+ubuntu22.04.1+deb.sury.org+1) ...
#10 160.6 Selecting previously unselected package php8.5-readline.
#10 160.6 Preparing to unpack .../16-php8.5-readline_8.5.9-1+ubuntu22.04.1+deb.sury.org+1_amd64.deb ...
#10 160.6 Unpacking php8.5-readline (8.5.9-1+ubuntu22.04.1+deb.sury.org+1) ...
#10 160.7 Selecting previously unselected package tzdata.
#10 160.7 Preparing to unpack .../17-tzdata_2026c-0ubuntu0.22.04.1_all.deb ...
#10 160.7 Unpacking tzdata (2026c-0ubuntu0.22.04.1) ...
#10 160.9 Selecting previously unselected package libargon2-1:amd64.
#10 160.9 Preparing to unpack .../18-libargon2-1_0~20171227-0.3_amd64.deb ...
#10 160.9 Unpacking libargon2-1:amd64 (0~20171227-0.3) ...
#10 160.9 Preparing to unpack .../19-libpcre2-8-0_10.42-3+ubuntu22.04.1+deb.sury.org+1_amd64.deb ...
#10 161.0 Unpacking libpcre2-8-0:amd64 (10.42-3+ubuntu22.04.1+deb.sury.org+1) over (10.39-3ubuntu0.1) ...
#10 161.0 Setting up libpcre2-8-0:amd64 (10.42-3+ubuntu22.04.1+deb.sury.org+1) ...
#10 161.0 Selecting previously unselected package php8.5-cli.
#10 161.0 (Reading database ... (Reading database ... 5%(Reading database ... 10%(Reading database ... 15%(Reading database ... 20%(Reading database ... 25%(Reading database ... 30%(Reading database ... 35%(Reading database ... 40%(Reading database ... 45%(Reading database ... 50%(Reading database ... 55%(Reading database ... 60%(Reading database ... 65%(Reading database ... 70%(Reading database ... 75%(Reading database ... 80%(Reading database ... 85%(Reading database ... 90%(Reading database ... 95%(Reading database ... 100%(Reading database ... 19775 files and directories currently installed.)
#10 161.1 Preparing to unpack .../php8.5-cli_8.5.9-1+ubuntu22.04.1+deb.sury.org+1_amd64.deb ...
#10 161.1 Unpacking php8.5-cli (8.5.9-1+ubuntu22.04.1+deb.sury.org+1) ...
#10 161.1 Setting up psmisc (23.4-2build3) ...
#10 161.1 Setting up php-common (2:101~+ubuntu22.04.1+deb.sury.org+1) ...
#10 161.3 Selecting previously unselected package php8.5-igbinary.
#10 161.3 (Reading database ... (Reading database ... 5%(Reading database ... 10%(Reading database ... 15%(Reading database ... 20%(Reading database ... 25%(Reading database ... 30%(Reading database ... 35%(Reading database ... 40%(Reading database ... 45%(Reading database ... 50%(Reading database ... 55%(Reading database ... 60%(Reading database ... 65%(Reading database ... 70%(Reading database ... 75%(Reading database ... 80%(Reading database ... 85%(Reading database ... 90%(Reading database ... 95%(Reading database ... 100%(Reading database ... 19792 files and directories currently installed.)
#10 161.3 Preparing to unpack .../000-php8.5-igbinary_3.2.16-6+ubuntu22.04.1+deb.sury.org+1_amd64.deb ...
#10 161.3 Unpacking php8.5-igbinary (3.2.16-6+ubuntu22.04.1+deb.sury.org+1) ...
#10 161.3 Selecting previously unselected package php8.5-imagick.
#10 161.3 Preparing to unpack .../001-php8.5-imagick_3.8.1-1+ubuntu22.04.1+deb.sury.org+1_amd64.deb ...
#10 161.3 Unpacking php8.5-imagick (3.8.1-1+ubuntu22.04.1+deb.sury.org+1) ...
#10 161.4 Selecting previously unselected package mlock.
#10 161.4 Preparing to unpack .../002-mlock_8%3a2007f~dfsg-7build1_amd64.deb ...
#10 161.4 Unpacking mlock (8:2007f~dfsg-7build1) ...
#10 161.4 Selecting previously unselected package libc-client2007e.
#10 161.4 Preparing to unpack .../003-libc-client2007e_8%3a2007f~dfsg-7build1_amd64.deb ...
#10 161.4 Unpacking libc-client2007e (8:2007f~dfsg-7build1) ...
#10 161.4 Selecting previously unselected package php8.5-imap.
#10 161.4 Preparing to unpack .../004-php8.5-imap_3%3a1.0.3-2+ubuntu22.04.1+deb.sury.org+1_amd64.deb ...
#10 161.4 Unpacking php8.5-imap (3:1.0.3-2+ubuntu22.04.1+deb.sury.org+1) ...
#10 161.5 Selecting previously unselected package php8.5-msgpack.
#10 161.5 Preparing to unpack .../005-php8.5-msgpack_1%3a3.0.0-2+ubuntu22.04.1+deb.sury.org+1_amd64.deb ...
#10 161.5 Unpacking php8.5-msgpack (1:3.0.0-2+ubuntu22.04.1+deb.sury.org+1) ...
#10 161.5 Selecting previously unselected package libhashkit2:amd64.
#10 161.5 Preparing to unpack .../006-libhashkit2_1.1.4-1+ubuntu22.04.1+deb.sury.org+1_amd64.deb ...
#10 161.5 Unpacking libhashkit2:amd64 (1.1.4-1+ubuntu22.04.1+deb.sury.org+1) ...
#10 161.5 Selecting previously unselected package libmemcached11:amd64.
#10 161.5 Preparing to unpack .../007-libmemcached11_1.1.4-1+ubuntu22.04.1+deb.sury.org+1_amd64.deb ...
#10 161.5 Unpacking libmemcached11:amd64 (1.1.4-1+ubuntu22.04.1+deb.sury.org+1) ...
#10 161.6 Selecting previously unselected package php8.5-memcached.
#10 161.6 Preparing to unpack .../008-php8.5-memcached_3.4.0-1+ubuntu22.04.1+deb.sury.org+1_amd64.deb ...
#10 161.6 Unpacking php8.5-memcached (3.4.0-1+ubuntu22.04.1+deb.sury.org+1) ...
#10 161.6 Selecting previously unselected package php8.5-pcov.
#10 161.6 Preparing to unpack .../009-php8.5-pcov_1.0.12-2+ubuntu22.04.1+deb.sury.org+1_amd64.deb ...
#10 161.6 Unpacking php8.5-pcov (1.0.12-2+ubuntu22.04.1+deb.sury.org+1) ...
#10 161.6 Selecting previously unselected package php8.5-redis.
#10 161.6 Preparing to unpack .../010-php8.5-redis_6.3.0-2+ubuntu22.04.1+deb.sury.org+1_amd64.deb ...
#10 161.7 Unpacking php8.5-redis (6.3.0-2+ubuntu22.04.1+deb.sury.org+1) ...
#10 161.7 Selecting previously unselected package php8.5-curl.
#10 161.7 Preparing to unpack .../011-php8.5-curl_8.5.9-1+ubuntu22.04.1+deb.sury.org+1_amd64.deb ...
#10 161.7 Unpacking php8.5-curl (8.5.9-1+ubuntu22.04.1+deb.sury.org+1) ...
#10 161.7 Selecting previously unselected package php8.5-mysql.
#10 161.7 Preparing to unpack .../012-php8.5-mysql_8.5.9-1+ubuntu22.04.1+deb.sury.org+1_amd64.deb ...
#10 161.7 Unpacking php8.5-mysql (8.5.9-1+ubuntu22.04.1+deb.sury.org+1) ...
#10 161.8 Selecting previously unselected package libc-ares2:amd64.
#10 161.8 Preparing to unpack .../013-libc-ares2_1.18.1-1ubuntu0.22.04.3_amd64.deb ...
#10 161.8 Unpacking libc-ares2:amd64 (1.18.1-1ubuntu0.22.04.3) ...
#10 161.8 Selecting previously unselected package libpq5:amd64.
#10 161.8 Preparing to unpack .../014-libpq5_14.23-0ubuntu0.22.04.1_amd64.deb ...
#10 161.8 Unpacking libpq5:amd64 (14.23-0ubuntu0.22.04.1) ...
#10 161.8 Selecting previously unselected package php8.5-swoole.
#10 161.8 Preparing to unpack .../015-php8.5-swoole_6.2.0-1+ubuntu22.04.1+deb.sury.org+1_amd64.deb ...
#10 161.8 Unpacking php8.5-swoole (6.2.0-1+ubuntu22.04.1+deb.sury.org+1) ...
#10 161.9 Selecting previously unselected package php8.5-xdebug.
#10 161.9 Preparing to unpack .../016-php8.5-xdebug_3.5.3-1+ubuntu22.04.1+deb.sury.org+1_amd64.deb ...
#10 161.9 Unpacking php8.5-xdebug (3.5.3-1+ubuntu22.04.1+deb.sury.org+1) ...
#10 162.0 Selecting previously unselected package poppler-data.
#10 162.0 Preparing to unpack .../017-poppler-data_0.4.11-1_all.deb ...
#10 162.0 Unpacking poppler-data (0.4.11-1) ...
#10 162.1 Selecting previously unselected package bsdextrautils.
#10 162.1 Preparing to unpack .../018-bsdextrautils_2.37.2-4ubuntu3.5_amd64.deb ...
#10 162.1 Unpacking bsdextrautils (2.37.2-4ubuntu3.5) ...
#10 162.1 Selecting previously unselected package libmagic-mgc.
#10 162.1 Preparing to unpack .../019-libmagic-mgc_1%3a5.41-3ubuntu0.1_amd64.deb ...
#10 162.1 Unpacking libmagic-mgc (1:5.41-3ubuntu0.1) ...
#10 162.2 Selecting previously unselected package libmagic1:amd64.
#10 162.2 Preparing to unpack .../020-libmagic1_1%3a5.41-3ubuntu0.1_amd64.deb ...
#10 162.2 Unpacking libmagic1:amd64 (1:5.41-3ubuntu0.1) ...
#10 162.2 Selecting previously unselected package file.
#10 162.2 Preparing to unpack .../021-file_1%3a5.41-3ubuntu0.1_amd64.deb ...
#10 162.2 Unpacking file (1:5.41-3ubuntu0.1) ...
#10 162.2 Selecting previously unselected package gettext-base.
#10 162.2 Preparing to unpack .../022-gettext-base_0.21-4ubuntu4_amd64.deb ...
#10 162.2 Unpacking gettext-base (0.21-4ubuntu4) ...
#10 162.3 Selecting previously unselected package libuchardet0:amd64.
#10 162.3 Preparing to unpack .../023-libuchardet0_0.0.7-1build2_amd64.deb ...
#10 162.3 Unpacking libuchardet0:amd64 (0.0.7-1build2) ...
#10 162.3 Selecting previously unselected package groff-base.
#10 162.3 Preparing to unpack .../024-groff-base_1.22.4-8build1_amd64.deb ...
#10 162.3 Unpacking groff-base (1.22.4-8build1) ...
#10 162.4 Selecting previously unselected package libpipeline1:amd64.
#10 162.4 Preparing to unpack .../025-libpipeline1_1.5.5-1_amd64.deb ...
#10 162.4 Unpacking libpipeline1:amd64 (1.5.5-1) ...
#10 162.4 Selecting previously unselected package man-db.
#10 162.4 Preparing to unpack .../026-man-db_2.10.2-1_amd64.deb ...
#10 162.4 Unpacking man-db (2.10.2-1) ...
#10 162.5 Selecting previously unselected package xz-utils.
#10 162.5 Preparing to unpack .../027-xz-utils_5.2.5-2ubuntu1.1_amd64.deb ...
#10 162.5 Unpacking xz-utils (5.2.5-2ubuntu1.1) ...
#10 162.5 Selecting previously unselected package libsigsegv2:amd64.
#10 162.5 Preparing to unpack .../028-libsigsegv2_2.13-1ubuntu3_amd64.deb ...
#10 162.5 Unpacking libsigsegv2:amd64 (2.13-1ubuntu3) ...
#10 162.5 Selecting previously unselected package m4.
#10 162.5 Preparing to unpack .../029-m4_1.4.18-5ubuntu2_amd64.deb ...
#10 162.5 Unpacking m4 (1.4.18-5ubuntu2) ...
#10 162.6 Selecting previously unselected package autoconf.
#10 162.6 Preparing to unpack .../030-autoconf_2.71-2_all.deb ...
#10 162.6 Unpacking autoconf (2.71-2) ...
#10 162.6 Selecting previously unselected package autotools-dev.
#10 162.6 Preparing to unpack .../031-autotools-dev_20220109.1_all.deb ...
#10 162.6 Unpacking autotools-dev (20220109.1) ...
#10 162.6 Selecting previously unselected package automake.
#10 162.6 Preparing to unpack .../032-automake_1%3a1.16.5-1.3_all.deb ...
#10 162.6 Unpacking automake (1:1.16.5-1.3) ...
#10 162.7 Selecting previously unselected package autopoint.
#10 162.7 Preparing to unpack .../033-autopoint_0.21-4ubuntu4_all.deb ...
#10 162.7 Unpacking autopoint (0.21-4ubuntu4) ...
#10 162.7 Selecting previously unselected package binutils-common:amd64.
#10 162.7 Preparing to unpack .../034-binutils-common_2.38-4ubuntu2.12_amd64.deb ...
#10 162.7 Unpacking binutils-common:amd64 (2.38-4ubuntu2.12) ...
#10 162.8 Selecting previously unselected package libbinutils:amd64.
#10 162.8 Preparing to unpack .../035-libbinutils_2.38-4ubuntu2.12_amd64.deb ...
#10 162.8 Unpacking libbinutils:amd64 (2.38-4ubuntu2.12) ...
#10 162.8 Selecting previously unselected package libctf-nobfd0:amd64.
#10 162.8 Preparing to unpack .../036-libctf-nobfd0_2.38-4ubuntu2.12_amd64.deb ...
#10 162.8 Unpacking libctf-nobfd0:amd64 (2.38-4ubuntu2.12) ...
#10 162.8 Selecting previously unselected package libctf0:amd64.
#10 162.8 Preparing to unpack .../037-libctf0_2.38-4ubuntu2.12_amd64.deb ...
#10 162.8 Unpacking libctf0:amd64 (2.38-4ubuntu2.12) ...
#10 162.9 Selecting previously unselected package binutils-x86-64-linux-gnu.
#10 162.9 Preparing to unpack .../038-binutils-x86-64-linux-gnu_2.38-4ubuntu2.12_amd64.deb ...
#10 162.9 Unpacking binutils-x86-64-linux-gnu (2.38-4ubuntu2.12) ...
#10 162.9 Selecting previously unselected package binutils.
#10 162.9 Preparing to unpack .../039-binutils_2.38-4ubuntu2.12_amd64.deb ...
#10 162.9 Unpacking binutils (2.38-4ubuntu2.12) ...
#10 163.0 Selecting previously unselected package gcc-11-base:amd64.
#10 163.0 Preparing to unpack .../040-gcc-11-base_11.4.0-1ubuntu1~22.04.3_amd64.deb ...
#10 163.0 Unpacking gcc-11-base:amd64 (11.4.0-1ubuntu1~22.04.3) ...
#10 163.0 Selecting previously unselected package libisl23:amd64.
#10 163.0 Preparing to unpack .../041-libisl23_0.24-2build1_amd64.deb ...
#10 163.0 Unpacking libisl23:amd64 (0.24-2build1) ...
#10 163.0 Selecting previously unselected package libmpfr6:amd64.
#10 163.0 Preparing to unpack .../042-libmpfr6_4.1.0-3build3_amd64.deb ...
#10 163.0 Unpacking libmpfr6:amd64 (4.1.0-3build3) ...
#10 163.1 Selecting previously unselected package libmpc3:amd64.
#10 163.1 Preparing to unpack .../043-libmpc3_1.2.1-2build1_amd64.deb ...
#10 163.1 Unpacking libmpc3:amd64 (1.2.1-2build1) ...
#10 163.1 Selecting previously unselected package cpp-11.
#10 163.1 Preparing to unpack .../044-cpp-11_11.4.0-1ubuntu1~22.04.3_amd64.deb ...
#10 163.1 Unpacking cpp-11 (11.4.0-1ubuntu1~22.04.3) ...
#10 163.2 Selecting previously unselected package cpp.
#10 163.2 Preparing to unpack .../045-cpp_4%3a11.2.0-1ubuntu1_amd64.deb ...
#10 163.2 Unpacking cpp (4:11.2.0-1ubuntu1) ...
#10 163.3 Selecting previously unselected package libcc1-0:amd64.
#10 163.3 Preparing to unpack .../046-libcc1-0_12.3.0-1ubuntu1~22.04.3_amd64.deb ...
#10 163.3 Unpacking libcc1-0:amd64 (12.3.0-1ubuntu1~22.04.3) ...
#10 163.3 Selecting previously unselected package libitm1:amd64.
#10 163.3 Preparing to unpack .../047-libitm1_12.3.0-1ubuntu1~22.04.3_amd64.deb ...
#10 163.3 Unpacking libitm1:amd64 (12.3.0-1ubuntu1~22.04.3) ...
#10 163.3 Selecting previously unselected package libatomic1:amd64.
#10 163.3 Preparing to unpack .../048-libatomic1_12.3.0-1ubuntu1~22.04.3_amd64.deb ...
#10 163.3 Unpacking libatomic1:amd64 (12.3.0-1ubuntu1~22.04.3) ...
#10 163.4 Selecting previously unselected package libasan6:amd64.
#10 163.4 Preparing to unpack .../049-libasan6_11.4.0-1ubuntu1~22.04.3_amd64.deb ...
#10 163.4 Unpacking libasan6:amd64 (11.4.0-1ubuntu1~22.04.3) ...
#10 163.4 Selecting previously unselected package liblsan0:amd64.
#10 163.4 Preparing to unpack .../050-liblsan0_12.3.0-1ubuntu1~22.04.3_amd64.deb ...
#10 163.4 Unpacking liblsan0:amd64 (12.3.0-1ubuntu1~22.04.3) ...
#10 163.5 Selecting previously unselected package libtsan0:amd64.
#10 163.5 Preparing to unpack .../051-libtsan0_11.4.0-1ubuntu1~22.04.3_amd64.deb ...
#10 163.5 Unpacking libtsan0:amd64 (11.4.0-1ubuntu1~22.04.3) ...
#10 163.5 Selecting previously unselected package libubsan1:amd64.
#10 163.5 Preparing to unpack .../052-libubsan1_12.3.0-1ubuntu1~22.04.3_amd64.deb ...
#10 163.5 Unpacking libubsan1:amd64 (12.3.0-1ubuntu1~22.04.3) ...
#10 163.6 Selecting previously unselected package libgcc-11-dev:amd64.
#10 163.6 Preparing to unpack .../053-libgcc-11-dev_11.4.0-1ubuntu1~22.04.3_amd64.deb ...
#10 163.6 Unpacking libgcc-11-dev:amd64 (11.4.0-1ubuntu1~22.04.3) ...
#10 163.6 Selecting previously unselected package gcc-11.
#10 163.6 Preparing to unpack .../054-gcc-11_11.4.0-1ubuntu1~22.04.3_amd64.deb ...
#10 163.6 Unpacking gcc-11 (11.4.0-1ubuntu1~22.04.3) ...
#10 163.8 Selecting previously unselected package gcc.
#10 163.8 Preparing to unpack .../055-gcc_4%3a11.2.0-1ubuntu1_amd64.deb ...
#10 163.8 Unpacking gcc (4:11.2.0-1ubuntu1) ...
#10 163.9 Selecting previously unselected package libstdc++-11-dev:amd64.
#10 163.9 Preparing to unpack .../056-libstdc++-11-dev_11.4.0-1ubuntu1~22.04.3_amd64.deb ...
#10 163.9 Unpacking libstdc++-11-dev:amd64 (11.4.0-1ubuntu1~22.04.3) ...
#10 164.1 Selecting previously unselected package g++-11.
#10 164.1 Preparing to unpack .../057-g++-11_11.4.0-1ubuntu1~22.04.3_amd64.deb ...
#10 164.1 Unpacking g++-11 (11.4.0-1ubuntu1~22.04.3) ...
#10 164.2 Selecting previously unselected package g++.
#10 164.2 Preparing to unpack .../058-g++_4%3a11.2.0-1ubuntu1_amd64.deb ...
#10 164.2 Unpacking g++ (4:11.2.0-1ubuntu1) ...
#10 164.2 Selecting previously unselected package make.
#10 164.2 Preparing to unpack .../059-make_4.3-4.1build1_amd64.deb ...
#10 164.2 Unpacking make (4.3-4.1build1) ...
#10 164.2 Selecting previously unselected package libdpkg-perl.
#10 164.2 Preparing to unpack .../060-libdpkg-perl_1.21.1ubuntu2.6_all.deb ...
#10 164.2 Unpacking libdpkg-perl (1.21.1ubuntu2.6) ...
#10 164.3 Selecting previously unselected package bzip2.
#10 164.3 Preparing to unpack .../061-bzip2_1.0.8-5build1_amd64.deb ...
#10 164.3 Unpacking bzip2 (1.0.8-5build1) ...
#10 164.3 Selecting previously unselected package lto-disabled-list.
#10 164.3 Preparing to unpack .../062-lto-disabled-list_24_all.deb ...
#10 164.3 Unpacking lto-disabled-list (24) ...
#10 164.4 Selecting previously unselected package dpkg-dev.
#10 164.4 Preparing to unpack .../063-dpkg-dev_1.21.1ubuntu2.6_all.deb ...
#10 164.4 Unpacking dpkg-dev (1.21.1ubuntu2.6) ...
#10 164.4 Selecting previously unselected package build-essential.
#10 164.4 Preparing to unpack .../064-build-essential_12.9ubuntu3_amd64.deb ...
#10 164.4 Unpacking build-essential (12.9ubuntu3) ...
#10 164.4 Selecting previously unselected package libdebhelper-perl.
#10 164.4 Preparing to unpack .../065-libdebhelper-perl_13.6ubuntu1_all.deb ...
#10 164.4 Unpacking libdebhelper-perl (13.6ubuntu1) ...
#10 164.5 Selecting previously unselected package libtool.
#10 164.5 Preparing to unpack .../066-libtool_2.4.6-15build2_all.deb ...
#10 164.5 Unpacking libtool (2.4.6-15build2) ...
#10 164.5 Selecting previously unselected package dh-autoreconf.
#10 164.5 Preparing to unpack .../067-dh-autoreconf_20_all.deb ...
#10 164.5 Unpacking dh-autoreconf (20) ...
#10 164.5 Selecting previously unselected package libarchive-zip-perl.
#10 164.5 Preparing to unpack .../068-libarchive-zip-perl_1.68-1_all.deb ...
#10 164.5 Unpacking libarchive-zip-perl (1.68-1) ...
#10 164.6 Selecting previously unselected package libsub-override-perl.
#10 164.6 Preparing to unpack .../069-libsub-override-perl_0.09-2_all.deb ...
#10 164.6 Unpacking libsub-override-perl (0.09-2) ...
#10 164.6 Selecting previously unselected package libfile-stripnondeterminism-perl.
#10 164.6 Preparing to unpack .../070-libfile-stripnondeterminism-perl_1.13.0-1_all.deb ...
#10 164.6 Unpacking libfile-stripnondeterminism-perl (1.13.0-1) ...
#10 164.6 Selecting previously unselected package dh-strip-nondeterminism.
#10 164.6 Preparing to unpack .../071-dh-strip-nondeterminism_1.13.0-1_all.deb ...
#10 164.6 Unpacking dh-strip-nondeterminism (1.13.0-1) ...
#10 164.7 Selecting previously unselected package libdw1:amd64.
#10 164.7 Preparing to unpack .../072-libdw1_0.186-1ubuntu0.1_amd64.deb ...
#10 164.7 Unpacking libdw1:amd64 (0.186-1ubuntu0.1) ...
#10 164.7 Selecting previously unselected package debugedit.
#10 164.7 Preparing to unpack .../073-debugedit_1%3a5.0-4build1_amd64.deb ...
#10 164.7 Unpacking debugedit (1:5.0-4build1) ...
#10 164.7 Selecting previously unselected package dwz.
#10 164.7 Preparing to unpack .../074-dwz_0.14-1build2_amd64.deb ...
#10 164.7 Unpacking dwz (0.14-1build2) ...
#10 164.8 Selecting previously unselected package gettext.
#10 164.8 Preparing to unpack .../075-gettext_0.21-4ubuntu4_amd64.deb ...
#10 164.8 Unpacking gettext (0.21-4ubuntu4) ...
#10 164.8 Selecting previously unselected package intltool-debian.
#10 164.8 Preparing to unpack .../076-intltool-debian_0.35.0+20060710.5_all.deb ...
#10 164.8 Unpacking intltool-debian (0.35.0+20060710.5) ...
#10 164.8 Selecting previously unselected package po-debconf.
#10 164.8 Preparing to unpack .../077-po-debconf_1.0.21+nmu1_all.deb ...
#10 164.8 Unpacking po-debconf (1.0.21+nmu1) ...
#10 164.9 Selecting previously unselected package debhelper.
#10 164.9 Preparing to unpack .../078-debhelper_13.6ubuntu1_all.deb ...
#10 164.9 Unpacking debhelper (13.6ubuntu1) ...
#10 164.9 Selecting previously unselected package libfakeroot:amd64.
#10 164.9 Preparing to unpack .../079-libfakeroot_1.28-1ubuntu1_amd64.deb ...
#10 164.9 Unpacking libfakeroot:amd64 (1.28-1ubuntu1) ...
#10 165.0 Selecting previously unselected package fakeroot.
#10 165.0 Preparing to unpack .../080-fakeroot_1.28-1ubuntu1_amd64.deb ...
#10 165.0 Unpacking fakeroot (1.28-1ubuntu1) ...
#10 165.0 Selecting previously unselected package fonts-noto-mono.
#10 165.0 Preparing to unpack .../081-fonts-noto-mono_20201225-1build1_all.deb ...
#10 165.0 Unpacking fonts-noto-mono (20201225-1build1) ...
#10 165.1 Selecting previously unselected package fonts-urw-base35.
#10 165.1 Preparing to unpack .../082-fonts-urw-base35_20200910-1_all.deb ...
#10 165.1 Unpacking fonts-urw-base35 (20200910-1) ...
#10 165.4 Selecting previously unselected package libgs9-common.
#10 165.4 Preparing to unpack .../083-libgs9-common_9.55.0~dfsg1-0ubuntu5.13_all.deb ...
#10 165.4 Unpacking libgs9-common (9.55.0~dfsg1-0ubuntu5.13) ...
#10 165.5 Selecting previously unselected package libavahi-common-data:amd64.
#10 165.5 Preparing to unpack .../084-libavahi-common-data_0.8-5ubuntu5.5_amd64.deb ...
#10 165.5 Unpacking libavahi-common-data:amd64 (0.8-5ubuntu5.5) ...
#10 165.5 Selecting previously unselected package libavahi-common3:amd64.
#10 165.5 Preparing to unpack .../085-libavahi-common3_0.8-5ubuntu5.5_amd64.deb ...
#10 165.5 Unpacking libavahi-common3:amd64 (0.8-5ubuntu5.5) ...
#10 165.5 Selecting previously unselected package libavahi-client3:amd64.
#10 165.5 Preparing to unpack .../086-libavahi-client3_0.8-5ubuntu5.5_amd64.deb ...
#10 165.5 Unpacking libavahi-client3:amd64 (0.8-5ubuntu5.5) ...
#10 165.6 Selecting previously unselected package libcups2:amd64.
#10 165.6 Preparing to unpack .../087-libcups2_2.4.1op1-1ubuntu4.21_amd64.deb ...
#10 165.6 Unpacking libcups2:amd64 (2.4.1op1-1ubuntu4.21) ...
#10 165.6 Selecting previously unselected package libidn12:amd64.
#10 165.6 Preparing to unpack .../088-libidn12_1.38-4ubuntu1.1_amd64.deb ...
#10 165.6 Unpacking libidn12:amd64 (1.38-4ubuntu1.1) ...
#10 165.6 Selecting previously unselected package libijs-0.35:amd64.
#10 165.6 Preparing to unpack .../089-libijs-0.35_0.35-15build2_amd64.deb ...
#10 165.6 Unpacking libijs-0.35:amd64 (0.35-15build2) ...
#10 165.7 Selecting previously unselected package libjbig2dec0:amd64.
#10 165.7 Preparing to unpack .../090-libjbig2dec0_0.19-3ubuntu0.1_amd64.deb ...
#10 165.7 Unpacking libjbig2dec0:amd64 (0.19-3ubuntu0.1) ...
#10 165.7 Selecting previously unselected package libpaper1:amd64.
#10 165.7 Preparing to unpack .../091-libpaper1_1.1.28build2_amd64.deb ...
#10 165.7 Unpacking libpaper1:amd64 (1.1.28build2) ...
#10 165.7 Selecting previously unselected package libgs9:amd64.
#10 165.7 Preparing to unpack .../092-libgs9_9.55.0~dfsg1-0ubuntu5.13_amd64.deb ...
#10 165.7 Unpacking libgs9:amd64 (9.55.0~dfsg1-0ubuntu5.13) ...
#10 165.8 Selecting previously unselected package ghostscript.
#10 165.8 Preparing to unpack .../093-ghostscript_9.55.0~dfsg1-0ubuntu5.13_amd64.deb ...
#10 165.8 Unpacking ghostscript (9.55.0~dfsg1-0ubuntu5.13) ...
#10 165.9 Selecting previously unselected package gsfonts.
#10 165.9 Preparing to unpack .../094-gsfonts_1%3a8.11+urwcyr1.0.7~pre44-4.5_all.deb ...
#10 165.9 Unpacking gsfonts (1:8.11+urwcyr1.0.7~pre44-4.5) ...
#10 166.1 Selecting previously unselected package libabsl20210324:amd64.
#10 166.1 Preparing to unpack .../095-libabsl20210324_0~20210324.2-2ubuntu0.3_amd64.deb ...
#10 166.1 Unpacking libabsl20210324:amd64 (0~20210324.2-2ubuntu0.3) ...
#10 166.1 Selecting previously unselected package libalgorithm-diff-perl.
#10 166.1 Preparing to unpack .../096-libalgorithm-diff-perl_1.201-1_all.deb ...
#10 166.1 Unpacking libalgorithm-diff-perl (1.201-1) ...
#10 166.1 Selecting previously unselected package libalgorithm-diff-xs-perl.
#10 166.1 Preparing to unpack .../097-libalgorithm-diff-xs-perl_0.04-6build3_amd64.deb ...
#10 166.1 Unpacking libalgorithm-diff-xs-perl (0.04-6build3) ...
#10 166.2 Selecting previously unselected package libalgorithm-merge-perl.
#10 166.2 Preparing to unpack .../098-libalgorithm-merge-perl_0.08-3_all.deb ...
#10 166.2 Unpacking libalgorithm-merge-perl (0.08-3) ...
#10 166.2 Selecting previously unselected package libarchive-cpio-perl.
#10 166.2 Preparing to unpack .../099-libarchive-cpio-perl_0.10-1.1_all.deb ...
#10 166.2 Unpacking libarchive-cpio-perl (0.10-1.1) ...
#10 166.2 Selecting previously unselected package libgav1-0:amd64.
#10 166.2 Preparing to unpack .../100-libgav1-0_0.17.0-1build1_amd64.deb ...
#10 166.2 Unpacking libgav1-0:amd64 (0.17.0-1build1) ...
#10 166.3 Selecting previously unselected package libyuv0:amd64.
#10 166.3 Preparing to unpack .../101-libyuv0_0.0~git20220104.b91df1a-2_amd64.deb ...
#10 166.3 Unpacking libyuv0:amd64 (0.0~git20220104.b91df1a-2) ...
#10 166.3 Selecting previously unselected package libavif13:amd64.
#10 166.3 Preparing to unpack .../102-libavif13_0.9.3-3_amd64.deb ...
#10 166.3 Unpacking libavif13:amd64 (0.9.3-3) ...
#10 166.3 Selecting previously unselected package libfile-fcntllock-perl.
#10 166.3 Preparing to unpack .../103-libfile-fcntllock-perl_0.22-3build7_amd64.deb ...
#10 166.3 Unpacking libfile-fcntllock-perl (0.22-3build7) ...
#10 166.4 Selecting previously unselected package libimagequant0:amd64.
#10 166.4 Preparing to unpack .../104-libimagequant0_2.17.0-1_amd64.deb ...
#10 166.4 Unpacking libimagequant0:amd64 (2.17.0-1) ...
#10 166.4 Preparing to unpack .../105-libgd3_2.3.3-13+ubuntu22.04.1+deb.sury.org+1_amd64.deb ...
#10 166.4 Unpacking libgd3:amd64 (2.3.3-13+ubuntu22.04.1+deb.sury.org+1) over (2.3.0-2ubuntu2.3) ...
#10 166.4 Selecting previously unselected package libltdl-dev:amd64.
#10 166.4 Preparing to unpack .../106-libltdl-dev_2.4.6-15build2_amd64.deb ...
#10 166.4 Unpacking libltdl-dev:amd64 (2.4.6-15build2) ...
#10 166.5 Selecting previously unselected package libsys-hostname-long-perl.
#10 166.5 Preparing to unpack .../107-libsys-hostname-long-perl_1.5-2_all.deb ...
#10 166.5 Unpacking libsys-hostname-long-perl (1.5-2) ...
#10 166.5 Selecting previously unselected package libmail-sendmail-perl.
#10 166.5 Preparing to unpack .../108-libmail-sendmail-perl_0.80-1.1_all.deb ...
#10 166.5 Unpacking libmail-sendmail-perl (0.80-1.1) ...
#10 166.5 Selecting previously unselected package libonig5:amd64.
#10 166.5 Preparing to unpack .../109-libonig5_6.9.7.1-2build1_amd64.deb ...
#10 166.5 Unpacking libonig5:amd64 (6.9.7.1-2build1) ...
#10 166.6 Selecting previously unselected package libpaper-utils.
#10 166.6 Preparing to unpack .../110-libpaper-utils_1.1.28build2_amd64.deb ...
#10 166.6 Unpacking libpaper-utils (1.1.28build2) ...
#10 166.6 Selecting previously unselected package libpcre2-16-0:amd64.
#10 166.6 Preparing to unpack .../111-libpcre2-16-0_10.42-3+ubuntu22.04.1+deb.sury.org+1_amd64.deb ...
#10 166.6 Unpacking libpcre2-16-0:amd64 (10.42-3+ubuntu22.04.1+deb.sury.org+1) ...
#10 166.6 Selecting previously unselected package libpcre2-32-0:amd64.
#10 166.6 Preparing to unpack .../112-libpcre2-32-0_10.42-3+ubuntu22.04.1+deb.sury.org+1_amd64.deb ...
#10 166.6 Unpacking libpcre2-32-0:amd64 (10.42-3+ubuntu22.04.1+deb.sury.org+1) ...
#10 166.7 Selecting previously unselected package libpcre2-posix3:amd64.
#10 166.7 Preparing to unpack .../113-libpcre2-posix3_10.42-3+ubuntu22.04.1+deb.sury.org+1_amd64.deb ...
#10 166.7 Unpacking libpcre2-posix3:amd64 (10.42-3+ubuntu22.04.1+deb.sury.org+1) ...
#10 166.7 Selecting previously unselected package libpcre2-dev:amd64.
#10 166.7 Preparing to unpack .../114-libpcre2-dev_10.42-3+ubuntu22.04.1+deb.sury.org+1_amd64.deb ...
#10 166.7 Unpacking libpcre2-dev:amd64 (10.42-3+ubuntu22.04.1+deb.sury.org+1) ...
#10 166.7 Selecting previously unselected package libssl-dev:amd64.
#10 166.7 Preparing to unpack .../115-libssl-dev_3.0.2-0ubuntu1.26_amd64.deb ...
#10 166.7 Unpacking libssl-dev:amd64 (3.0.2-0ubuntu1.26) ...
#10 166.8 Selecting previously unselected package libxslt1.1:amd64.
#10 166.8 Preparing to unpack .../116-libxslt1.1_1.1.34-4ubuntu0.22.04.5_amd64.deb ...
#10 166.8 Unpacking libxslt1.1:amd64 (1.1.34-4ubuntu0.22.04.5) ...
#10 166.9 Selecting previously unselected package libzip4:amd64.
#10 166.9 Preparing to unpack .../117-libzip4_1.7.3-1ubuntu2_amd64.deb ...
#10 166.9 Unpacking libzip4:amd64 (1.7.3-1ubuntu2) ...
#10 166.9 Selecting previously unselected package php8.5-xml.
#10 166.9 Preparing to unpack .../118-php8.5-xml_8.5.9-1+ubuntu22.04.1+deb.sury.org+1_amd64.deb ...
#10 166.9 Unpacking php8.5-xml (8.5.9-1+ubuntu22.04.1+deb.sury.org+1) ...
#10 166.9 Selecting previously unselected package php-pear.
#10 166.9 Preparing to unpack .../119-php-pear_1%3a1.10.16+submodules+notgz-2+ubuntu22.04.1+deb.sury.org+1_all.deb ...
#10 166.9 Unpacking php-pear (1:1.10.16+submodules+notgz-2+ubuntu22.04.1+deb.sury.org+1) ...
#10 167.0 Selecting previously unselected package php8.5-bcmath.
#10 167.0 Preparing to unpack .../120-php8.5-bcmath_8.5.9-1+ubuntu22.04.1+deb.sury.org+1_amd64.deb ...
#10 167.0 Unpacking php8.5-bcmath (8.5.9-1+ubuntu22.04.1+deb.sury.org+1) ...
#10 167.0 Selecting previously unselected package pkg-config.
#10 167.0 Preparing to unpack .../121-pkg-config_0.29.2-1ubuntu3_amd64.deb ...
#10 167.0 Unpacking pkg-config (0.29.2-1ubuntu3) ...
#10 167.1 Selecting previously unselected package shtool.
#10 167.1 Preparing to unpack .../122-shtool_2.0.8-10_all.deb ...
#10 167.1 Unpacking shtool (2.0.8-10) ...
#10 167.1 Selecting previously unselected package php8.5-dev.
#10 167.1 Preparing to unpack .../123-php8.5-dev_8.5.9-1+ubuntu22.04.1+deb.sury.org+1_amd64.deb ...
#10 167.1 Unpacking php8.5-dev (8.5.9-1+ubuntu22.04.1+deb.sury.org+1) ...
#10 167.2 Selecting previously unselected package php8.5-gd.
#10 167.2 Preparing to unpack .../124-php8.5-gd_8.5.9-1+ubuntu22.04.1+deb.sury.org+1_amd64.deb ...
#10 167.2 Unpacking php8.5-gd (8.5.9-1+ubuntu22.04.1+deb.sury.org+1) ...
#10 167.3 Selecting previously unselected package php8.5-intl.
#10 167.3 Preparing to unpack .../125-php8.5-intl_8.5.9-1+ubuntu22.04.1+deb.sury.org+1_amd64.deb ...
#10 167.3 Unpacking php8.5-intl (8.5.9-1+ubuntu22.04.1+deb.sury.org+1) ...
#10 167.3 Selecting previously unselected package php8.5-ldap.
#10 167.3 Preparing to unpack .../126-php8.5-ldap_8.5.9-1+ubuntu22.04.1+deb.sury.org+1_amd64.deb ...
#10 167.3 Unpacking php8.5-ldap (8.5.9-1+ubuntu22.04.1+deb.sury.org+1) ...
#10 167.4 Selecting previously unselected package php8.5-mbstring.
#10 167.4 Preparing to unpack .../127-php8.5-mbstring_8.5.9-1+ubuntu22.04.1+deb.sury.org+1_amd64.deb ...
#10 167.4 Unpacking php8.5-mbstring (8.5.9-1+ubuntu22.04.1+deb.sury.org+1) ...
#10 167.4 Selecting previously unselected package php8.5-pgsql.
#10 167.4 Preparing to unpack .../128-php8.5-pgsql_8.5.9-1+ubuntu22.04.1+deb.sury.org+1_amd64.deb ...
#10 167.4 Unpacking php8.5-pgsql (8.5.9-1+ubuntu22.04.1+deb.sury.org+1) ...
#10 167.4 Selecting previously unselected package php8.5-soap.
#10 167.4 Preparing to unpack .../129-php8.5-soap_8.5.9-1+ubuntu22.04.1+deb.sury.org+1_amd64.deb ...
#10 167.4 Unpacking php8.5-soap (8.5.9-1+ubuntu22.04.1+deb.sury.org+1) ...
#10 167.5 Selecting previously unselected package php8.5-sqlite3.
#10 167.5 Preparing to unpack .../130-php8.5-sqlite3_8.5.9-1+ubuntu22.04.1+deb.sury.org+1_amd64.deb ...
#10 167.5 Unpacking php8.5-sqlite3 (8.5.9-1+ubuntu22.04.1+deb.sury.org+1) ...
#10 167.5 Selecting previously unselected package php8.5-zip.
#10 167.5 Preparing to unpack .../131-php8.5-zip_8.5.9-1+ubuntu22.04.1+deb.sury.org+1_amd64.deb ...
#10 167.5 Unpacking php8.5-zip (8.5.9-1+ubuntu22.04.1+deb.sury.org+1) ...
#10 167.5 Selecting previously unselected package pkg-php-tools.
#10 167.5 Preparing to unpack .../132-pkg-php-tools_1.42build1_all.deb ...
#10 167.6 Unpacking pkg-php-tools (1.42build1) ...
#10 167.6 Setting up libpipeline1:amd64 (1.5.5-1) ...
#10 167.6 Setting up shtool (2.0.8-10) ...
#10 167.6 Setting up liblcms2-2:amd64 (2.12~rc1-2ubuntu0.1) ...
#10 167.6 Setting up gcc-11-base:amd64 (11.4.0-1ubuntu1~22.04.3) ...
#10 167.6 Setting up libpaper1:amd64 (1.1.28build2) ...
#10 167.7 
#10 167.7 Creating config file /etc/papersize with new version
#10 167.7 Setting up libdw1:amd64 (0.186-1ubuntu0.1) ...
#10 167.8 Setting up imagemagick-6-common (8:6.9.11.60+dfsg-1.3ubuntu0.22.04.5) ...
#10 167.8 Setting up lto-disabled-list (24) ...
#10 167.8 Setting up fonts-noto-mono (20201225-1build1) ...
#10 167.8 Setting up bsdextrautils (2.37.2-4ubuntu3.5) ...
#10 167.8 update-alternatives: using /usr/bin/write.ul to provide /usr/bin/write (write) in auto mode
#10 167.8 update-alternatives: warning: skip creation of /usr/share/man/man1/write.1.gz because associated file /usr/share/man/man1/write.ul.1.gz (of link group write) doesn't exist
#10 167.8 Setting up libmagic-mgc (1:5.41-3ubuntu0.1) ...
#10 167.8 Setting up libfile-fcntllock-perl (0.22-3build7) ...
#10 167.9 Setting up libalgorithm-diff-perl (1.201-1) ...
#10 167.9 Setting up libarchive-zip-perl (1.68-1) ...
#10 167.9 Setting up libargon2-1:amd64 (0~20171227-0.3) ...
#10 167.9 Setting up libzip4:amd64 (1.7.3-1ubuntu2) ...
#10 167.9 Setting up libijs-0.35:amd64 (0.35-15build2) ...
#10 167.9 Setting up libwebpdemux2:amd64 (1.2.2-2ubuntu0.22.04.2) ...
#10 167.9 Setting up mlock (8:2007f~dfsg-7build1) ...
#10 167.9 Setting up libdebhelper-perl (13.6ubuntu1) ...
#10 167.9 Setting up cron (3.0pl1-137ubuntu3) ...
#10 168.0 Adding group `crontab' (GID 103) ...
#10 168.0 Done.
#10 168.0 invoke-rc.d: could not determine current runlevel
#10 168.0 invoke-rc.d: policy-rc.d denied execution of start.
#10 168.1 Setting up binutils-common:amd64 (2.38-4ubuntu2.12) ...
#10 168.1 Setting up libmagic1:amd64 (1:5.41-3ubuntu0.1) ...
#10 168.1 Setting up libpq5:amd64 (14.23-0ubuntu0.22.04.1) ...
#10 168.1 Setting up libctf-nobfd0:amd64 (2.38-4ubuntu2.12) ...
#10 168.1 Setting up gettext-base (0.21-4ubuntu4) ...
#10 168.1 Setting up libc-ares2:amd64 (1.18.1-1ubuntu0.22.04.3) ...
#10 168.1 Setting up file (1:5.41-3ubuntu0.1) ...
#10 168.2 Setting up libpaper-utils (1.1.28build2) ...
#10 168.2 Setting up fonts-urw-base35 (20200910-1) ...
#10 168.2 Setting up bzip2 (1.0.8-5build1) ...
#10 168.2 Setting up libpcre2-16-0:amd64 (10.42-3+ubuntu22.04.1+deb.sury.org+1) ...
#10 168.2 Setting up libhashkit2:amd64 (1.1.4-1+ubuntu22.04.1+deb.sury.org+1) ...
#10 168.2 Setting up libfakeroot:amd64 (1.28-1ubuntu1) ...
#10 168.3 Setting up libasan6:amd64 (11.4.0-1ubuntu1~22.04.3) ...
#10 168.3 Setting up poppler-data (0.4.11-1) ...
#10 168.3 Setting up tzdata (2026c-0ubuntu0.22.04.1) ...
#10 168.4 
#10 168.4 Current default time zone: 'Etc/UTC'
#10 168.4 Local time is now:      Fri Aug 14 18:07:57 UTC 2026.
#10 168.4 Universal Time is now:  Fri Aug 14 18:07:57 UTC 2026.
#10 168.4 Run 'dpkg-reconfigure tzdata' if you wish to change it.
#10 168.4 
#10 168.4 Setting up fakeroot (1.28-1ubuntu1) ...
#10 168.4 update-alternatives: using /usr/bin/fakeroot-sysv to provide /usr/bin/fakeroot (fakeroot) in auto mode
#10 168.4 update-alternatives: warning: skip creation of /usr/share/man/man1/fakeroot.1.gz because associated file /usr/share/man/man1/fakeroot-sysv.1.gz (of link group fakeroot) doesn't exist
#10 168.4 update-alternatives: warning: skip creation of /usr/share/man/man1/faked.1.gz because associated file /usr/share/man/man1/faked-sysv.1.gz (of link group fakeroot) doesn't exist
#10 168.4 update-alternatives: warning: skip creation of /usr/share/man/es/man1/fakeroot.1.gz because associated file /usr/share/man/es/man1/fakeroot-sysv.1.gz (of link group fakeroot) doesn't exist
#10 168.4 update-alternatives: warning: skip creation of /usr/share/man/es/man1/faked.1.gz because associated file /usr/share/man/es/man1/faked-sysv.1.gz (of link group fakeroot) doesn't exist
#10 168.4 update-alternatives: warning: skip creation of /usr/share/man/fr/man1/fakeroot.1.gz because associated file /usr/share/man/fr/man1/fakeroot-sysv.1.gz (of link group fakeroot) doesn't exist
#10 168.4 update-alternatives: warning: skip creation of /usr/share/man/fr/man1/faked.1.gz because associated file /usr/share/man/fr/man1/faked-sysv.1.gz (of link group fakeroot) doesn't exist
#10 168.4 update-alternatives: warning: skip creation of /usr/share/man/sv/man1/fakeroot.1.gz because associated file /usr/share/man/sv/man1/fakeroot-sysv.1.gz (of link group fakeroot) doesn't exist
#10 168.4 update-alternatives: warning: skip creation of /usr/share/man/sv/man1/faked.1.gz because associated file /usr/share/man/sv/man1/faked-sysv.1.gz (of link group fakeroot) doesn't exist
#10 168.4 Setting up autotools-dev (20220109.1) ...
#10 168.4 Setting up libpcre2-32-0:amd64 (10.42-3+ubuntu22.04.1+deb.sury.org+1) ...
#10 168.4 Setting up make (4.3-4.1build1) ...
#10 168.4 Setting up libmpfr6:amd64 (4.1.0-3build3) ...
#10 168.4 Setting up libjbig2dec0:amd64 (0.19-3ubuntu0.1) ...
#10 168.4 Setting up gsfonts (1:8.11+urwcyr1.0.7~pre44-4.5) ...
#10 168.5 Setting up libavahi-common-data:amd64 (0.8-5ubuntu5.5) ...
#10 168.5 Setting up libsigsegv2:amd64 (2.13-1ubuntu3) ...
#10 168.5 Setting up xz-utils (5.2.5-2ubuntu1.1) ...
#10 168.5 update-alternatives: using /usr/bin/xz to provide /usr/bin/lzma (lzma) in auto mode
#10 168.5 update-alternatives: warning: skip creation of /usr/share/man/man1/lzma.1.gz because associated file /usr/share/man/man1/xz.1.gz (of link group lzma) doesn't exist
#10 168.5 update-alternatives: warning: skip creation of /usr/share/man/man1/unlzma.1.gz because associated file /usr/share/man/man1/unxz.1.gz (of link group lzma) doesn't exist
#10 168.5 update-alternatives: warning: skip creation of /usr/share/man/man1/lzcat.1.gz because associated file /usr/share/man/man1/xzcat.1.gz (of link group lzma) doesn't exist
#10 168.5 update-alternatives: warning: skip creation of /usr/share/man/man1/lzmore.1.gz because associated file /usr/share/man/man1/xzmore.1.gz (of link group lzma) doesn't exist
#10 168.5 update-alternatives: warning: skip creation of /usr/share/man/man1/lzless.1.gz because associated file /usr/share/man/man1/xzless.1.gz (of link group lzma) doesn't exist
#10 168.5 update-alternatives: warning: skip creation of /usr/share/man/man1/lzdiff.1.gz because associated file /usr/share/man/man1/xzdiff.1.gz (of link group lzma) doesn't exist
#10 168.5 update-alternatives: warning: skip creation of /usr/share/man/man1/lzcmp.1.gz because associated file /usr/share/man/man1/xzcmp.1.gz (of link group lzma) doesn't exist
#10 168.5 update-alternatives: warning: skip creation of /usr/share/man/man1/lzgrep.1.gz because associated file /usr/share/man/man1/xzgrep.1.gz (of link group lzma) doesn't exist
#10 168.5 update-alternatives: warning: skip creation of /usr/share/man/man1/lzegrep.1.gz because associated file /usr/share/man/man1/xzegrep.1.gz (of link group lzma) doesn't exist
#10 168.5 update-alternatives: warning: skip creation of /usr/share/man/man1/lzfgrep.1.gz because associated file /usr/share/man/man1/xzfgrep.1.gz (of link group lzma) doesn't exist
#10 168.5 Setting up libimagequant0:amd64 (2.17.0-1) ...
#10 168.5 Setting up libssl-dev:amd64 (3.0.2-0ubuntu1.26) ...
#10 168.5 Setting up libmpc3:amd64 (1.2.1-2build1) ...
#10 168.5 Setting up libatomic1:amd64 (12.3.0-1ubuntu1~22.04.3) ...
#10 168.5 Setting up libidn12:amd64 (1.38-4ubuntu1.1) ...
#10 168.5 Setting up autopoint (0.21-4ubuntu4) ...
#10 168.5 Setting up libabsl20210324:amd64 (0~20210324.2-2ubuntu0.3) ...
#10 168.6 Setting up libltdl7:amd64 (2.4.6-15build2) ...
#10 168.6 Setting up libfftw3-double3:amd64 (3.3.8-2ubuntu8) ...
#10 168.6 Setting up libdpkg-perl (1.21.1ubuntu2.6) ...
#10 168.6 Setting up libubsan1:amd64 (12.3.0-1ubuntu1~22.04.3) ...
#10 168.6 Setting up libpcre2-posix3:amd64 (10.42-3+ubuntu22.04.1+deb.sury.org+1) ...
#10 168.6 Setting up dwz (0.14-1build2) ...
#10 168.6 Setting up liblqr-1-0:amd64 (0.4.2-2.1) ...
#10 168.6 Setting up libmemcached11:amd64 (1.1.4-1+ubuntu22.04.1+deb.sury.org+1) ...
#10 168.6 Setting up libarchive-cpio-perl (0.10-1.1) ...
#10 168.6 Setting up libuchardet0:amd64 (0.0.7-1build2) ...
#10 168.6 Setting up libxslt1.1:amd64 (1.1.34-4ubuntu0.22.04.5) ...
#10 168.7 Setting up debugedit (1:5.0-4build1) ...
#10 168.7 Setting up libsub-override-perl (0.09-2) ...
#10 168.7 Setting up fonts-droid-fallback (1:6.0.1r16-1.1build1) ...
#10 168.7 Setting up libc-client2007e (8:2007f~dfsg-7build1) ...
#10 168.7 Setting up libbinutils:amd64 (2.38-4ubuntu2.12) ...
#10 168.7 Setting up libisl23:amd64 (0.24-2build1) ...
#10 168.7 Setting up libde265-0:amd64 (1.0.8-1ubuntu0.3) ...
#10 168.8 Setting up libyuv0:amd64 (0.0~git20220104.b91df1a-2) ...
#10 168.8 Setting up libsys-hostname-long-perl (1.5-2) ...
#10 168.8 Setting up libalgorithm-diff-xs-perl (0.04-6build3) ...
#10 168.8 Setting up libcc1-0:amd64 (12.3.0-1ubuntu1~22.04.3) ...
#10 168.8 Setting up libonig5:amd64 (6.9.7.1-2build1) ...
#10 168.8 Setting up liblocale-gettext-perl (1.07-4build3) ...
#10 168.8 Setting up liblsan0:amd64 (12.3.0-1ubuntu1~22.04.3) ...
#10 168.8 Setting up libitm1:amd64 (12.3.0-1ubuntu1~22.04.3) ...
#10 168.8 Setting up php8.5-common (8.5.9-1+ubuntu22.04.1+deb.sury.org+1) ...
#10 168.9 
#10 168.9 Creating config file /etc/php/8.5/mods-available/calendar.ini with new version
#10 169.1 
#10 169.1 Creating config file /etc/php/8.5/mods-available/ctype.ini with new version
#10 169.2 
#10 169.2 Creating config file /etc/php/8.5/mods-available/exif.ini with new version
#10 169.4 
#10 169.4 Creating config file /etc/php/8.5/mods-available/fileinfo.ini with new version
#10 169.6 
#10 169.6 Creating config file /etc/php/8.5/mods-available/ffi.ini with new version
#10 169.7 
#10 169.7 Creating config file /etc/php/8.5/mods-available/ftp.ini with new version
#10 169.9 
#10 169.9 Creating config file /etc/php/8.5/mods-available/gettext.ini with new version
#10 170.1 
#10 170.1 Creating config file /etc/php/8.5/mods-available/iconv.ini with new version
#10 170.2 
#10 170.2 Creating config file /etc/php/8.5/mods-available/pdo.ini with new version
#10 170.4 
#10 170.4 Creating config file /etc/php/8.5/mods-available/phar.ini with new version
#10 170.6 
#10 170.6 Creating config file /etc/php/8.5/mods-available/posix.ini with new version
#10 170.7 
#10 170.7 Creating config file /etc/php/8.5/mods-available/shmop.ini with new version
#10 170.9 
#10 170.9 Creating config file /etc/php/8.5/mods-available/sockets.ini with new version
#10 171.0 
#10 171.0 Creating config file /etc/php/8.5/mods-available/sysvmsg.ini with new version
#10 171.2 
#10 171.2 Creating config file /etc/php/8.5/mods-available/sysvsem.ini with new version
#10 171.4 
#10 171.4 Creating config file /etc/php/8.5/mods-available/sysvshm.ini with new version
#10 171.5 
#10 171.5 Creating config file /etc/php/8.5/mods-available/tokenizer.ini with new version
#10 171.6 Setting up libalgorithm-merge-perl (0.08-3) ...
#10 171.6 Setting up libtsan0:amd64 (11.4.0-1ubuntu1~22.04.3) ...
#10 171.7 Setting up libctf0:amd64 (2.38-4ubuntu2.12) ...
#10 171.7 Setting up libgs9-common (9.55.0~dfsg1-0ubuntu5.13) ...
#10 171.7 Setting up libfile-stripnondeterminism-perl (1.13.0-1) ...
#10 171.7 Setting up cpp-11 (11.4.0-1ubuntu1~22.04.3) ...
#10 171.7 Setting up gettext (0.21-4ubuntu4) ...
#10 171.7 Setting up php8.5-curl (8.5.9-1+ubuntu22.04.1+deb.sury.org+1) ...
#10 171.8 
#10 171.8 Creating config file /etc/php/8.5/mods-available/curl.ini with new version
#10 171.9 Setting up libpcre2-dev:amd64 (10.42-3+ubuntu22.04.1+deb.sury.org+1) ...
#10 171.9 Setting up php8.5-xml (8.5.9-1+ubuntu22.04.1+deb.sury.org+1) ...
#10 172.0 
#10 172.0 Creating config file /etc/php/8.5/mods-available/dom.ini with new version
#10 172.2 
#10 172.2 Creating config file /etc/php/8.5/mods-available/simplexml.ini with new version
#10 172.3 
#10 172.3 Creating config file /etc/php/8.5/mods-available/xml.ini with new version
#10 172.5 
#10 172.5 Creating config file /etc/php/8.5/mods-available/xmlreader.ini with new version
#10 172.7 
#10 172.7 Creating config file /etc/php/8.5/mods-available/xmlwriter.ini with new version
#10 172.8 
#10 172.8 Creating config file /etc/php/8.5/mods-available/xsl.ini with new version
#10 172.9 Setting up libheif1:amd64 (1.12.0-2build1) ...
#10 172.9 Setting up libavahi-common3:amd64 (0.8-5ubuntu5.5) ...
#10 173.0 Setting up m4 (1.4.18-5ubuntu2) ...
#10 173.0 Setting up php8.5-mysql (8.5.9-1+ubuntu22.04.1+deb.sury.org+1) ...
#10 173.0 
#10 173.0 Creating config file /etc/php/8.5/mods-available/mysqlnd.ini with new version
#10 173.2 
#10 173.2 Creating config file /etc/php/8.5/mods-available/mysqli.ini with new version
#10 173.4 
#10 173.4 Creating config file /etc/php/8.5/mods-available/pdo_mysql.ini with new version
#10 173.5 Setting up intltool-debian (0.35.0+20060710.5) ...
#10 173.5 Setting up libmail-sendmail-perl (0.80-1.1) ...
#10 173.5 Setting up libmagickcore-6.q16-6:amd64 (8:6.9.11.60+dfsg-1.3ubuntu0.22.04.5) ...
#10 173.5 Setting up php8.5-mbstring (8.5.9-1+ubuntu22.04.1+deb.sury.org+1) ...
#10 173.6 
#10 173.6 Creating config file /etc/php/8.5/mods-available/mbstring.ini with new version
#10 173.7 Setting up php8.5-ldap (8.5.9-1+ubuntu22.04.1+deb.sury.org+1) ...
#10 173.8 
#10 173.8 Creating config file /etc/php/8.5/mods-available/ldap.ini with new version
#10 173.9 Setting up php8.5-pgsql (8.5.9-1+ubuntu22.04.1+deb.sury.org+1) ...
#10 174.0 
#10 174.0 Creating config file /etc/php/8.5/mods-available/pgsql.ini with new version
#10 174.1 
#10 174.1 Creating config file /etc/php/8.5/mods-available/pdo_pgsql.ini with new version
#10 174.2 Setting up libgav1-0:amd64 (0.17.0-1build1) ...
#10 174.2 Setting up php8.5-zip (8.5.9-1+ubuntu22.04.1+deb.sury.org+1) ...
#10 174.3 
#10 174.3 Creating config file /etc/php/8.5/mods-available/zip.ini with new version
#10 174.4 Setting up pkg-config (0.29.2-1ubuntu3) ...
#10 174.4 Setting up autoconf (2.71-2) ...
#10 174.4 Setting up dh-strip-nondeterminism (1.13.0-1) ...
#10 174.5 Setting up libgcc-11-dev:amd64 (11.4.0-1ubuntu1~22.04.3) ...
#10 174.5 Setting up libavif13:amd64 (0.9.3-3) ...
#10 174.5 Setting up groff-base (1.22.4-8build1) ...
#10 174.5 Setting up cpp (4:11.2.0-1ubuntu1) ...
#10 174.5 Setting up libmagickwand-6.q16-6:amd64 (8:6.9.11.60+dfsg-1.3ubuntu0.22.04.5) ...
#10 174.5 Setting up php8.5-intl (8.5.9-1+ubuntu22.04.1+deb.sury.org+1) ...
#10 174.6 
#10 174.6 Creating config file /etc/php/8.5/mods-available/intl.ini with new version
#10 174.7 Setting up php8.5-readline (8.5.9-1+ubuntu22.04.1+deb.sury.org+1) ...
#10 174.8 
#10 174.8 Creating config file /etc/php/8.5/mods-available/readline.ini with new version
#10 174.9 Setting up php8.5-bcmath (8.5.9-1+ubuntu22.04.1+deb.sury.org+1) ...
#10 175.0 
#10 175.0 Creating config file /etc/php/8.5/mods-available/bcmath.ini with new version
#10 175.1 Setting up php8.5-sqlite3 (8.5.9-1+ubuntu22.04.1+deb.sury.org+1) ...
#10 175.1 
#10 175.1 Creating config file /etc/php/8.5/mods-available/sqlite3.ini with new version
#10 175.3 
#10 175.3 Creating config file /etc/php/8.5/mods-available/pdo_sqlite.ini with new version
#10 175.4 Setting up libavahi-client3:amd64 (0.8-5ubuntu5.5) ...
#10 175.4 Setting up php8.5-soap (8.5.9-1+ubuntu22.04.1+deb.sury.org+1) ...
#10 175.5 
#10 175.5 Creating config file /etc/php/8.5/mods-available/soap.ini with new version
#10 175.6 Setting up binutils-x86-64-linux-gnu (2.38-4ubuntu2.12) ...
#10 175.6 Setting up automake (1:1.16.5-1.3) ...
#10 175.6 update-alternatives: using /usr/bin/automake-1.16 to provide /usr/bin/automake (automake) in auto mode
#10 175.6 update-alternatives: warning: skip creation of /usr/share/man/man1/automake.1.gz because associated file /usr/share/man/man1/automake-1.16.1.gz (of link group automake) doesn't exist
#10 175.6 update-alternatives: warning: skip creation of /usr/share/man/man1/aclocal.1.gz because associated file /usr/share/man/man1/aclocal-1.16.1.gz (of link group automake) doesn't exist
#10 175.6 Setting up php-pear (1:1.10.16+submodules+notgz-2+ubuntu22.04.1+deb.sury.org+1) ...
#10 175.6 Setting up po-debconf (1.0.21+nmu1) ...
#10 175.6 Setting up binutils (2.38-4ubuntu2.12) ...
#10 175.6 Setting up man-db (2.10.2-1) ...
#10 175.7 Building database of manual pages ...
#10 175.9 Setting up dpkg-dev (1.21.1ubuntu2.6) ...
#10 175.9 Setting up libltdl-dev:amd64 (2.4.6-15build2) ...
#10 175.9 Setting up libgd3:amd64 (2.3.3-13+ubuntu22.04.1+deb.sury.org+1) ...
#10 175.9 Setting up libstdc++-11-dev:amd64 (11.4.0-1ubuntu1~22.04.3) ...
#10 175.9 Setting up libcups2:amd64 (2.4.1op1-1ubuntu4.21) ...
#10 175.9 Setting up gcc-11 (11.4.0-1ubuntu1~22.04.3) ...
#10 175.9 Setting up php8.5-cli (8.5.9-1+ubuntu22.04.1+deb.sury.org+1) ...
#10 176.0 update-alternatives: using /usr/bin/php8.5 to provide /usr/bin/php (php) in auto mode
#10 176.0 update-alternatives: warning: skip creation of /usr/share/man/man1/php.1.gz because associated file /usr/share/man/man1/php8.5.1.gz (of link group php) doesn't exist
#10 176.0 update-alternatives: using /usr/bin/phar8.5 to provide /usr/bin/phar (phar) in auto mode
#10 176.0 update-alternatives: warning: skip creation of /usr/share/man/man1/phar.1.gz because associated file /usr/share/man/man1/phar8.5.1.gz (of link group phar) doesn't exist
#10 176.0 update-alternatives: using /usr/bin/phar.phar8.5 to provide /usr/bin/phar.phar (phar.phar) in auto mode
#10 176.0 update-alternatives: warning: skip creation of /usr/share/man/man1/phar.phar.1.gz because associated file /usr/share/man/man1/phar.phar8.5.1.gz (of link group phar.phar) doesn't exist
#10 176.0 
#10 176.0 Creating config file /etc/php/8.5/cli/php.ini with new version
#10 176.9 Setting up php8.5-igbinary (3.2.16-6+ubuntu22.04.1+deb.sury.org+1) ...
#10 176.9 Setting up php8.5-msgpack (1:3.0.0-2+ubuntu22.04.1+deb.sury.org+1) ...
#10 177.0 Setting up php8.5-xdebug (3.5.3-1+ubuntu22.04.1+deb.sury.org+1) ...
#10 177.1 Setting up libgs9:amd64 (9.55.0~dfsg1-0ubuntu5.13) ...
#10 177.1 Setting up libtool (2.4.6-15build2) ...
#10 177.1 Setting up g++-11 (11.4.0-1ubuntu1~22.04.3) ...
#10 177.1 Setting up php8.5-dev (8.5.9-1+ubuntu22.04.1+deb.sury.org+1) ...
#10 177.1 update-alternatives: using /usr/bin/php-config8.5 to provide /usr/bin/php-config (php-config) in auto mode
#10 177.1 update-alternatives: warning: skip creation of /usr/share/man/man1/php-config.1.gz because associated file /usr/share/man/man1/php-config8.5.1.gz (of link group php-config) doesn't exist
#10 177.1 update-alternatives: using /usr/bin/phpize8.5 to provide /usr/bin/phpize (phpize) in auto mode
#10 177.1 update-alternatives: warning: skip creation of /usr/share/man/man1/phpize.1.gz because associated file /usr/share/man/man1/phpize8.5.1.gz (of link group phpize) doesn't exist
#10 177.1 Setting up php8.5-swoole (6.2.0-1+ubuntu22.04.1+deb.sury.org+1) ...
#10 177.2 Setting up php8.5-gd (8.5.9-1+ubuntu22.04.1+deb.sury.org+1) ...
#10 177.3 
#10 177.3 Creating config file /etc/php/8.5/mods-available/gd.ini with new version
#10 177.4 Setting up ghostscript (9.55.0~dfsg1-0ubuntu5.13) ...
#10 177.4 Setting up gcc (4:11.2.0-1ubuntu1) ...
#10 177.4 Setting up dh-autoreconf (20) ...
#10 177.4 Setting up php8.5-pcov (1.0.12-2+ubuntu22.04.1+deb.sury.org+1) ...
#10 177.5 Setting up php8.5-imagick (3.8.1-1+ubuntu22.04.1+deb.sury.org+1) ...
#10 177.5 Setting up g++ (4:11.2.0-1ubuntu1) ...
#10 177.5 update-alternatives: using /usr/bin/g++ to provide /usr/bin/c++ (c++) in auto mode
#10 177.5 update-alternatives: warning: skip creation of /usr/share/man/man1/c++.1.gz because associated file /usr/share/man/man1/g++.1.gz (of link group c++) doesn't exist
#10 177.6 Setting up php8.5-imap (3:1.0.3-2+ubuntu22.04.1+deb.sury.org+1) ...
#10 177.6 Setting up build-essential (12.9ubuntu3) ...
#10 177.6 Setting up php8.5-redis (6.3.0-2+ubuntu22.04.1+deb.sury.org+1) ...
#10 177.7 Setting up php8.5-memcached (3.4.0-1+ubuntu22.04.1+deb.sury.org+1) ...
#10 177.8 Setting up debhelper (13.6ubuntu1) ...
#10 177.8 Setting up pkg-php-tools (1.42build1) ...
#10 177.8 Processing triggers for libc-bin (2.35-0ubuntu3.14) ...
#10 177.8 Processing triggers for fontconfig (2.13.1-4.2ubuntu5) ...
#10 177.9 Processing triggers for php8.5-cli (8.5.9-1+ubuntu22.04.1+deb.sury.org+1) ...
#10 178.2 All settings correct for using Composer
#10 178.2 Downloading...
#10 179.1 
#10 179.1 Composer (version 2.10.2) successfully installed to: /usr/bin/composer
#10 179.1 Use it: php /usr/bin/composer
#10 179.1 
#10 179.4 Get:1 https://deb.nodesource.com/node_20.x nodistro InRelease [12.1 kB]
#10 179.4 Hit:2 http://security.ubuntu.com/ubuntu jammy-security InRelease
#10 179.4 Hit:3 http://archive.ubuntu.com/ubuntu jammy InRelease
#10 179.4 Hit:4 http://archive.ubuntu.com/ubuntu jammy-updates InRelease
#10 179.5 Hit:5 http://archive.ubuntu.com/ubuntu jammy-backports InRelease
#10 179.5 Hit:6 https://ppa.launchpadcontent.net/ondrej/php/ubuntu jammy InRelease
#10 179.5 Get:7 https://deb.nodesource.com/node_20.x nodistro/main amd64 Packages [14.7 kB]
#10 179.7 Fetched 26.8 kB in 0s (54.2 kB/s)
#10 179.7 Reading package lists...
#10 180.3 Reading package lists...
#10 180.8 Building dependency tree...
#10 180.9 Reading state information...
#10 181.0 The following NEW packages will be installed:
#10 181.0   nodejs
#10 181.1 0 upgraded, 1 newly installed, 0 to remove and 4 not upgraded.
#10 181.1 Need to get 32.2 MB of archives.
#10 181.1 After this operation, 196 MB of additional disk space will be used.
#10 181.1 Get:1 https://deb.nodesource.com/node_20.x nodistro/main amd64 nodejs amd64 20.20.2-1nodesource1 [32.2 MB]
#10 192.8 debconf: delaying package configuration, since apt-utils is not installed
#10 192.8 Fetched 32.2 MB in 12s (2745 kB/s)
#10 192.9 Selecting previously unselected package nodejs.
#10 192.9 (Reading database ... (Reading database ... 5%(Reading database ... 10%(Reading database ... 15%(Reading database ... 20%(Reading database ... 25%(Reading database ... 30%(Reading database ... 35%(Reading database ... 40%(Reading database ... 45%(Reading database ... 50%(Reading database ... 55%(Reading database ... 60%(Reading database ... 65%(Reading database ... 70%(Reading database ... 75%(Reading database ... 80%(Reading database ... 85%(Reading database ... 90%(Reading database ... 95%(Reading database ... 100%(Reading database ... 26303 files and directories currently installed.)
#10 192.9 Preparing to unpack .../nodejs_20.20.2-1nodesource1_amd64.deb ...
#10 192.9 Unpacking nodejs (20.20.2-1nodesource1) ...
#10 195.9 Setting up nodejs (20.20.2-1nodesource1) ...
#10 195.9 Processing triggers for man-db (2.10.2-1) ...
#10 201.0 
#10 201.0 removed 65 packages, and changed 112 packages in 5s
#10 201.0 
#10 201.0 15 packages are looking for funding
#10 201.0   run `npm fund` for details
#10 203.5 
#10 203.5 added 1 package in 2s
#10 203.5 
#10 203.5 1 package is looking for funding
#10 203.5   run `npm fund` for details
#10 253.9 
#10 253.9 added 5 packages in 50s
#10 253.9 npm warn install-scripts 1 package has install scripts not yet covered by allowScripts:
#10 253.9 npm warn install-scripts   bun@1.3.14 (postinstall: node install.js)
#10 253.9 npm warn install-scripts
#10 253.9 npm warn install-scripts Run `npm install -g --allow-scripts=bun` to allow these scripts once, or `npm config set allow-scripts=bun --location=user` to allow them for all global installs.
#10 254.7 Hit:1 https://deb.nodesource.com/node_20.x nodistro InRelease
#10 254.8 Hit:2 http://security.ubuntu.com/ubuntu jammy-security InRelease
#10 254.8 Get:3 https://dl.yarnpkg.com/debian stable InRelease
#10 254.8 Get:4 http://apt.postgresql.org/pub/repos/apt jammy-pgdg InRelease [189 kB]
#10 254.9 Hit:5 http://archive.ubuntu.com/ubuntu jammy InRelease
#10 254.9 Err:3 https://dl.yarnpkg.com/debian stable InRelease
#10 254.9   The following signatures couldn't be verified because the public key is not available: NO_PUBKEY 62D54FD4003F6525
#10 254.9 Hit:6 http://archive.ubuntu.com/ubuntu jammy-updates InRelease
#10 254.9 Get:7 http://apt.postgresql.org/pub/repos/apt jammy-pgdg/main amd64 Packages [1121 kB]
#10 254.9 Hit:8 https://ppa.launchpadcontent.net/ondrej/php/ubuntu jammy InRelease
#10 255.0 Hit:9 http://archive.ubuntu.com/ubuntu jammy-backports InRelease
#10 255.3 Reading package lists...
#10 255.9 W: GPG error: https://dl.yarnpkg.com/debian stable InRelease: The following signatures couldn't be verified because the public key is not available: NO_PUBKEY 62D54FD4003F6525
#10 255.9 E: The repository 'https://dl.yarnpkg.com/debian stable InRelease' is not signed.
#10 ERROR: process "/bin/sh -c apt-get update     && mkdir -p /etc/apt/keyrings     && apt-get install -y gnupg gosu curl ca-certificates zip unzip git supervisor sqlite3 libcap2-bin libpng-dev python2 dnsutils librsvg2-bin fswatch ffmpeg     && curl -sS 'https://keyserver.ubuntu.com/pks/lookup?op=get&search=0x14aa40ec0831756756d7f66c4f4ea0aae5267a6c' | gpg --dearmor | tee /etc/apt/keyrings/ppa_ondrej_php.gpg > /dev/null     && echo \"deb [signed-by=/etc/apt/keyrings/ppa_ondrej_php.gpg] https://ppa.launchpadcontent.net/ondrej/php/ubuntu jammy main\" > /etc/apt/sources.list.d/ppa_ondrej_php.list     && apt-get update     && apt-get install -y php8.5-cli php8.5-dev        php8.5-pgsql php8.5-sqlite3 php8.5-gd        php8.5-curl        php8.5-imap php8.5-mysql php8.5-mbstring        php8.5-xml php8.5-zip php8.5-bcmath php8.5-soap        php8.5-intl php8.5-readline        php8.5-ldap        php8.5-msgpack php8.5-igbinary php8.5-redis php8.5-swoole        php8.5-memcached php8.5-pcov php8.5-imagick php8.5-xdebug     && curl -sLS https://getcomposer.org/installer | php -- --install-dir=/usr/bin/ --filename=composer     && curl -fsSL https://deb.nodesource.com/gpgkey/nodesource-repo.gpg.key | gpg --dearmor -o /etc/apt/keyrings/nodesource.gpg     && echo \"deb [signed-by=/etc/apt/keyrings/nodesource.gpg] https://deb.nodesource.com/node_$NODE_VERSION.x nodistro main\" > /etc/apt/sources.list.d/nodesource.list     && apt-get update     && apt-get install -y nodejs     && npm install -g npm     && npm install -g pnpm     && npm install -g bun     && curl -sS https://dl.yarnpkg.com/debian/pubkey.gpg | gpg --dearmor | tee /etc/apt/keyrings/yarn.gpg >/dev/null     && echo \"deb [signed-by=/etc/apt/yarn.gpg] https://dl.yarnpkg.com/debian/ stable main\" > /etc/apt/sources.list.d/yarn.list     && curl -sS https://www.postgresql.org/media/keys/ACCC4CF8.asc | gpg --dearmor | tee /etc/apt/keyrings/pgdg.gpg >/dev/null     && echo \"deb [signed-by=/etc/apt/keyrings/pgdg.gpg] http://apt.postgresql.org/pub/repos/apt jammy-pgdg main\" > /etc/apt/sources.list.d/pgdg.list     && apt-get update     && apt-get install -y yarn     && apt-get install -y mysql-client     && apt-get install -y postgresql-client-$POSTGRES_VERSION     && apt-get -y autoremove     && apt-get clean     && rm -rf /var/lib/apt/lists/* /tmp/* /var/tmp/*" did not complete successfully: exit code: 100
------
 > [ 4/11] RUN apt-get update     && mkdir -p /etc/apt/keyrings     && apt-get install -y gnupg gosu curl ca-certificates zip unzip git supervisor sqlite3 libcap2-bin libpng-dev python2 dnsutils librsvg2-bin fswatch ffmpeg     && curl -sS 'https://keyserver.ubuntu.com/pks/lookup?op=get&search=0x14aa40ec0831756756d7f66c4f4ea0aae5267a6c' | gpg --dearmor | tee /etc/apt/keyrings/ppa_ondrej_php.gpg > /dev/null     && echo "deb [signed-by=/etc/apt/keyrings/ppa_ondrej_php.gpg] https://ppa.launchpadcontent.net/ondrej/php/ubuntu jammy main" > /etc/apt/sources.list.d/ppa_ondrej_php.list     && apt-get update     && apt-get install -y php8.5-cli php8.5-dev        php8.5-pgsql php8.5-sqlite3 php8.5-gd        php8.5-curl        php8.5-imap php8.5-mysql php8.5-mbstring        php8.5-xml php8.5-zip php8.5-bcmath php8.5-soap        php8.5-intl php8.5-readline        php8.5-ldap        php8.5-msgpack php8.5-igbinary php8.5-redis php8.5-swoole        php8.5-memcached php8.5-pcov php8.5-imagick php8.5-xdebug     && curl -sLS https://getcomposer.org/installer | php -- --install-dir=/usr/bin/ --filename=composer     && curl -fsSL https://deb.nodesource.com/gpgkey/nodesource-repo.gpg.key | gpg --dearmor -o /etc/apt/keyrings/nodesource.gpg     && echo "deb [signed-by=/etc/apt/keyrings/nodesource.gpg] https://deb.nodesource.com/node_20.x nodistro main" > /etc/apt/sources.list.d/nodesource.list     && apt-get update     && apt-get install -y nodejs     && npm install -g npm     && npm install -g pnpm     && npm install -g bun     && curl -sS https://dl.yarnpkg.com/debian/pubkey.gpg | gpg --dearmor | tee /etc/apt/keyrings/yarn.gpg >/dev/null     && echo "deb [signed-by=/etc/apt/yarn.gpg] https://dl.yarnpkg.com/debian/ stable main" > /etc/apt/sources.list.d/yarn.list     && curl -sS https://www.postgresql.org/media/keys/ACCC4CF8.asc | gpg --dearmor | tee /etc/apt/keyrings/pgdg.gpg >/dev/null     && echo "deb [signed-by=/etc/apt/keyrings/pgdg.gpg] http://apt.postgresql.org/pub/repos/apt jammy-pgdg main" > /etc/apt/sources.list.d/pgdg.list     && apt-get update     && apt-get install -y yarn     && apt-get install -y mysql-client     && apt-get install -y postgresql-client-15     && apt-get -y autoremove     && apt-get clean     && rm -rf /var/lib/apt/lists/* /tmp/* /var/tmp/*:
254.9 Hit:5 http://archive.ubuntu.com/ubuntu jammy InRelease
254.9 Err:3 https://dl.yarnpkg.com/debian stable InRelease
254.9   The following signatures couldn't be verified because the public key is not available: NO_PUBKEY 62D54FD4003F6525
254.9 Hit:6 http://archive.ubuntu.com/ubuntu jammy-updates InRelease
254.9 Get:7 http://apt.postgresql.org/pub/repos/apt jammy-pgdg/main amd64 Packages [1121 kB]
254.9 Hit:8 https://ppa.launchpadcontent.net/ondrej/php/ubuntu jammy InRelease
255.0 Hit:9 http://archive.ubuntu.com/ubuntu jammy-backports InRelease

255.9 W: GPG error: https://dl.yarnpkg.com/debian stable InRelease: The following signatures couldn't be verified because the public key is not available: NO_PUBKEY 62D54FD4003F6525
255.9 E: The repository 'https://dl.yarnpkg.com/debian stable InRelease' is not signed.
------
Dockerfile:17

--------------------

  16 |     

  17 | >>> RUN apt-get update \

  18 | >>>     && mkdir -p /etc/apt/keyrings \

  19 | >>>     && apt-get install -y gnupg gosu curl ca-certificates zip unzip git supervisor sqlite3 libcap2-bin libpng-dev python2 dnsutils librsvg2-bin fswatch ffmpeg \

  20 | >>>     && curl -sS 'https://keyserver.ubuntu.com/pks/lookup?op=get&search=0x14aa40ec0831756756d7f66c4f4ea0aae5267a6c' | gpg --dearmor | tee /etc/apt/keyrings/ppa_ondrej_php.gpg > /dev/null \

  21 | >>>     && echo "deb [signed-by=/etc/apt/keyrings/ppa_ondrej_php.gpg] https://ppa.launchpadcontent.net/ondrej/php/ubuntu jammy main" > /etc/apt/sources.list.d/ppa_ondrej_php.list \

  22 | >>>     && apt-get update \

  23 | >>>     && apt-get install -y php8.5-cli php8.5-dev \

  24 | >>>        php8.5-pgsql php8.5-sqlite3 php8.5-gd \

  25 | >>>        php8.5-curl \

  26 | >>>        php8.5-imap php8.5-mysql php8.5-mbstring \

  27 | >>>        php8.5-xml php8.5-zip php8.5-bcmath php8.5-soap \

  28 | >>>        php8.5-intl php8.5-readline \

  29 | >>>        php8.5-ldap \

  30 | >>>        php8.5-msgpack php8.5-igbinary php8.5-redis php8.5-swoole \

  31 | >>>        php8.5-memcached php8.5-pcov php8.5-imagick php8.5-xdebug \

  32 | >>>     && curl -sLS https://getcomposer.org/installer | php -- --install-dir=/usr/bin/ --filename=composer \

  33 | >>>     && curl -fsSL https://deb.nodesource.com/gpgkey/nodesource-repo.gpg.key | gpg --dearmor -o /etc/apt/keyrings/nodesource.gpg \

  34 | >>>     && echo "deb [signed-by=/etc/apt/keyrings/nodesource.gpg] https://deb.nodesource.com/node_$NODE_VERSION.x nodistro main" > /etc/apt/sources.list.d/nodesource.list \

  35 | >>>     && apt-get update \

  36 | >>>     && apt-get install -y nodejs \

  37 | >>>     && npm install -g npm \

  38 | >>>     && npm install -g pnpm \

  39 | >>>     && npm install -g bun \

  40 | >>>     && curl -sS https://dl.yarnpkg.com/debian/pubkey.gpg | gpg --dearmor | tee /etc/apt/keyrings/yarn.gpg >/dev/null \

  41 | >>>     && echo "deb [signed-by=/etc/apt/yarn.gpg] https://dl.yarnpkg.com/debian/ stable main" > /etc/apt/sources.list.d/yarn.list \

  42 | >>>     && curl -sS https://www.postgresql.org/media/keys/ACCC4CF8.asc | gpg --dearmor | tee /etc/apt/keyrings/pgdg.gpg >/dev/null \

  43 | >>>     && echo "deb [signed-by=/etc/apt/keyrings/pgdg.gpg] http://apt.postgresql.org/pub/repos/apt jammy-pgdg main" > /etc/apt/sources.list.d/pgdg.list \

  44 | >>>     && apt-get update \

  45 | >>>     && apt-get install -y yarn \

  46 | >>>     && apt-get install -y mysql-client \

  47 | >>>     && apt-get install -y postgresql-client-$POSTGRES_VERSION \

  48 | >>>     && apt-get -y autoremove \

  49 | >>>     && apt-get clean \

  50 | >>>     && rm -rf /var/lib/apt/lists/* /tmp/* /var/tmp/*

  51 |     

--------------------

failed to solve: process "/bin/sh -c apt-get update     && mkdir -p /etc/apt/keyrings     && apt-get install -y gnupg gosu curl ca-certificates zip unzip git supervisor sqlite3 libcap2-bin libpng-dev python2 dnsutils librsvg2-bin fswatch ffmpeg     && curl -sS 'https://keyserver.ubuntu.com/pks/lookup?op=get&search=0x14aa40ec0831756756d7f66c4f4ea0aae5267a6c' | gpg --dearmor | tee /etc/apt/keyrings/ppa_ondrej_php.gpg > /dev/null     && echo \"deb [signed-by=/etc/apt/keyrings/ppa_ondrej_php.gpg] https://ppa.launchpadcontent.net/ondrej/php/ubuntu jammy main\" > /etc/apt/sources.list.d/ppa_ondrej_php.list     && apt-get update     && apt-get install -y php8.5-cli php8.5-dev        php8.5-pgsql php8.5-sqlite3 php8.5-gd        php8.5-curl        php8.5-imap php8.5-mysql php8.5-mbstring        php8.5-xml php8.5-zip php8.5-bcmath php8.5-soap        php8.5-intl php8.5-readline        php8.5-ldap        php8.5-msgpack php8.5-igbinary php8.5-redis php8.5-swoole        php8.5-memcached php8.5-pcov php8.5-imagick php8.5-xdebug     && curl -sLS https://getcomposer.org/installer | php -- --install-dir=/usr/bin/ --filename=composer     && curl -fsSL https://deb.nodesource.com/gpgkey/nodesource-repo.gpg.key | gpg --dearmor -o /etc/apt/keyrings/nodesource.gpg     && echo \"deb [signed-by=/etc/apt/keyrings/nodesource.gpg] https://deb.nodesource.com/node_$NODE_VERSION.x nodistro main\" > /etc/apt/sources.list.d/nodesource.list     && apt-get update     && apt-get install -y nodejs     && npm install -g npm     && npm install -g pnpm     && npm install -g bun     && curl -sS https://dl.yarnpkg.com/debian/pubkey.gpg | gpg --dearmor | tee /etc/apt/keyrings/yarn.gpg >/dev/null     && echo \"deb [signed-by=/etc/apt/yarn.gpg] https://dl.yarnpkg.com/debian/ stable main\" > /etc/apt/sources.list.d/yarn.list     && curl -sS https://www.postgresql.org/media/keys/ACCC4CF8.asc | gpg --dearmor | tee /etc/apt/keyrings/pgdg.gpg >/dev/null     && echo \"deb [signed-by=/etc/apt/keyrings/pgdg.gpg] http://apt.postgresql.org/pub/repos/apt jammy-pgdg main\" > /etc/apt/sources.list.d/pgdg.list     && apt-get update     && apt-get install -y yarn     && apt-get install -y mysql-client     && apt-get install -y postgresql-client-$POSTGRES_VERSION     && apt-get -y autoremove     && apt-get clean     && rm -rf /var/lib/apt/lists/* /tmp/* /var/tmp/*" did not complete successfully: exit code: 100

